ObjectID,bponOntEquipId,bponOntSerialNumber,bponOntSubscriberId1,bponOntSubscriberLocId,ifAdminStatus,ifOperStatus
R1.S1.LT1.PON3.ONT3,NOCLEICODEG240WA,ALCLF87165B5,PBOxx-Fx,22515735,up,up
R1.S1.LT1.PON4.ONT6,NOCLEICODEG240WA,ALCLF87152B5,,WILDCARD,up,down
R1.S1.LT1.PON6.ONT4,     00000G240WF,ALCLB3A5CAA2,,22258980,up,down
R1.S1.LT1.PON3.ONT4,,ALCLF87158DB,,WILDCARD,up,down
R1.S1.LT1.PON4.ONT3,NOCLEICODEG240WA,ALCLF8716D1F,,WILDCARD,up,down
R1.S1.LT1.PON3.ONT5,NOCLEICODEG240WA,ALCLF8717373,,WILDCARD,up,down
R1.S1.LT1.PON4.ONT8,NOCLEICODEG240WA,ALCLF8716A58,,WILDCARD,up,up
R1.S1.LT1.PON5.ONT3,,ALCLF8716220,,WILDCARD,up,down
R1.S1.LT1.PON6.ONT6,     00000G240WF,ALCLB3A5CB4E,,22503689,up,up
R1.S1.LT1.PON3.ONT6,NOCLEICODEG240WA,ALCLF87170A0,,WILDCARD,up,up
R1.S1.LT1.PON4.ONT5,,ALCLF87169DC,,WILDCARD,up,down
R1.S1.LT1.PON5.ONT4,,ALCLF87150C3,,WILDCARD,up,down
R1.S1.LT1.PON6.ONT3,     00000G240WF,ALCLB3A7CBCF,,22504903,up,down
R1.S1.LT1.PON4.ONT4,NOCLEICODEG240WA,ALCLF8716E76,,WILDCARD,up,down
R1.S1.LT1.PON9.ONT1,NOCLEICODEG240WA,ALCLF871654F,,WILDCARD,up,up
R1.S1.LT1.PON9.ONT2,NOCLEICODEG240WA,ALCLF8716898,,WILDCARD,up,up
R1.S1.LT1.PON8.ONT2,,ALCLF87163EE,,22252877,up,down
R1.S1.LT1.PON7.ONT1,NOCLEICODEG240WA,ALCLF8715918,,WILDCARD,up,down
R1.S1.LT1.PON7.ONT2,NOCLEICODEG240WA,ALCLF87164C1,,WILDCARD,up,up
R1.S1.LT1.PON8.ONT1,NOCLEICODEG240WA,ALCLF87164DE,,22253159,up,up
R1.S1.LT1.PON1.ONT1,,ALCLF8715E3A,,WILDCARD,up,down
R1.S1.LT1.PON9.ONT9,     00000G240WF,ALCLB372BE1B,,22519345,up,down
R1.S1.LT1.PON1.ONT2,NOCLEICODEG240WA,ALCLF8716394,,WILDCARD,up,up
R1.S1.LT1.PON2.ONT1,NOCLEICODEG240WA,ALCLF87173D2,,22518418,up,up
R1.S1.LT1.PON5.ONT1,NOCLEICODEG240WA,ALCLF8715508,,WILDCARD,up,down
R1.S1.LT1.PON7.ONT7,NOCLEICODEG240WA,ALCLF8716D14,,WILDCARD,up,up
R1.S1.LT1.PON9.ONT5,NOCLEICODEG240WA,ALCLF8715650,,WILDCARD,up,up
R1.S1.LT1.PON5.ONT2,,ALCLF8717362,,WILDCARD,up,down
R1.S1.LT1.PON6.ONT1,     00000G240WF,ALCLB372BDF7,,22517657,up,up
R1.S1.LT1.PON7.ONT8,,ALCLF8716C69,,WILDCARD,up,down
R1.S1.LT1.PON8.ONT7,NOCLEICODEG240WA,ALCLF8716F60,PBOxx-Fxx,22515346,up,down
R1.S1.LT1.PON9.ONT6,NOCLEICODEG240WA,ALCLF871541E,,22513842,up,up
R1.S1.LT1.PON2.ONT2,,ALCLF8715808,,WILDCARD,up,down
R1.S1.LT1.PON7.ONT9,NOCLEICODEG240WA,ALCLF8716C56,,WILDCARD,up,up
R1.S1.LT1.PON9.ONT7,NOCLEICODEG240WA,ALCLF8716A0E,,WILDCARD,up,up
R1.S1.LT1.PON8.ONT9,,ALCLF87169A6,,WILDCARD,up,down
R1.S1.LT1.PON9.ONT8,,ALCLF8716828,,WILDCARD,up,down
R1.S1.LT1.PON1.ONT9,NOCLEICODEG240WA,ALCLF871591C,,WILDCARD,up,up
R1.S1.LT1.PON4.ONT2,NOCLEICODEG240WA,ALCLF8715E4E,,WILDCARD,up,up
R1.S1.LT1.PON7.ONT3,NOCLEICODEG240WA,ALCLF871638B,,WILDCARD,up,down
R1.S1.LT1.PON8.ONT6,NOCLEICODEG240WA,ALCLF8716C0F,PBOxx-Fxx,22511468,up,up
R1.S1.LT1.PON2.ONT9,     00000G240WF,ALCLB3A7CBA1,,22258979,up,up
R1.S1.LT1.PON7.ONT4,NOCLEICODEG240WA,ALCLF8715BE1,,22516184,up,down
R1.S1.LT1.PON8.ONT3,NOCLEICODEG240WA,ALCLF871640B,,22252874,up,up
R1.S1.LT1.PON3.ONT1,,ALCLF8715BD7,,WILDCARD,up,down
R1.S1.LT1.PON6.ONT2,     00000G240WF,ALCLB372BE0F,,22254455,up,up
R1.S1.LT1.PON7.ONT5,,ALCLF8716D05,,WILDCARD,up,down
R1.S1.LT1.PON8.ONT8,,ALCLF871585E,PBOxx-Fxx,22257182,up,down
R1.S1.LT1.PON9.ONT3,NOCLEICODEG240WA,ALCLF87150D8,,WILDCARD,up,up
R1.S1.LT1.PON3.ONT2,     00000G240WF,ALCLB3A7CCEC,,22506723,up,up
R1.S1.LT1.PON4.ONT1,NOCLEICODEG240WA,ALCLF87164BB,,WILDCARD,up,up
R1.S1.LT1.PON7.ONT6,,ALCLF8716B05,,WILDCARD,up,down
R1.S1.LT1.PON8.ONT5,,ALCLF8716C3E,PBOxx-Fxx,22511893,up,down
R1.S1.LT1.PON9.ONT4,,ALCLF8714E57,,WILDCARD,up,down
R1.S1.LT1.PON1.ONT5,NOCLEICODEG240WA,ALCLF8715A0D,,WILDCARD,up,down
R1.S1.LT1.PON2.ONT8,NOCLEICODEG240WA,ALCLF87162BA,,WILDCARD,up,up
R1.S1.LT1.PON5.ONT9,NOCLEICODEG240WA,ALCLF8716095,,WILDCARD,up,down
R1.S1.LT1.PON1.ONT6,,ALCLF8714FBA,,WILDCARD,up,down
R1.S1.LT1.PON2.ONT5,NOCLEICODEG240WA,ALCLF87150D3,,WILDCARD,up,down
R1.S1.LT1.PON6.ONT9,     00000G240WF,ALCLB3A7CA1F,,22513944,up,up
R1.S1.LT1.PON1.ONT7,,ALCLF8715393,,WILDCARD,up,down
R1.S1.LT1.PON8.ONT4,NOCLEICODEG240WA,ALCLF8716B44,,22252854,up,up
R1.S1.LT1.PON1.ONT8,,ALCLF8716134,,WILDCARD,up,down
R1.S1.LT1.PON2.ONT7,NOCLEICODEG240WA,ALCLF87159DE,,WILDCARD,up,up
R1.S1.LT1.PON2.ONT4,NOCLEICODEG240WA,ALCLF8716A2C,,WILDCARD,up,down
R1.S1.LT1.PON3.ONT7,,ALCLF8716FFE,,WILDCARD,up,down
R1.S1.LT1.PON5.ONT5,NOCLEICODEG240WA,ALCLF87150D6,,WILDCARD,up,up
R1.S1.LT1.PON6.ONT8,     00000G240WF,ALCLB3A5CD5C,,22259118,up,up
R1.S1.LT1.PON3.ONT8,NOCLEICODEG240WA,ALCLF87174AB,,WILDCARD,up,up
R1.S1.LT1.PON4.ONT7,,ALCLF871652F,,WILDCARD,up,down
R1.S1.LT1.PON5.ONT6,,ALCLF87167FD,,WILDCARD,up,down
R1.S1.LT1.PON6.ONT5,     00000G240WF,ALCLB3A5CAE1,,22256008,up,up
R1.S1.LT1.PON1.ONT3,NOCLEICODEG240WA,ALCLF8716AEF,ADIDO1_PBO8-F1,22255648,up,up
R1.S1.LT1.PON2.ONT6,NOCLEICODEG240WA,ALCLF87151EA,,WILDCARD,up,up
R1.S1.LT1.PON3.ONT9,NOCLEICODEG240WA,ALCLF87167C7,,WILDCARD,up,down
R1.S1.LT1.PON5.ONT7,NOCLEICODEG240WA,ALCLF87171F2,,WILDCARD,up,down
R1.S1.LT1.PON1.ONT4,     00000G240WF,ALCLB3A5CD3C,,22254828,up,down
R1.S1.LT1.PON2.ONT3,NOCLEICODEG240WA,ALCLF87158FF,,WILDCARD,up,up
R1.S1.LT1.PON4.ONT9,,ALCLF871729E,,WILDCARD,up,down
R1.S1.LT1.PON5.ONT8,NOCLEICODEG240WA,ALCLF8715C89,,WILDCARD,up,up
R1.S1.LT1.PON6.ONT7,     00000G240WF,ALCLB3A5CB50,,22257148,up,up
R1.S1.LT1.PON2.ONT22,     00000G240WF,ALCLB3A5C4C1,,22519791,up,up
R1.S1.LT1.PON5.ONT23,,ALCLB372AF8E,,22511239,up,down
R1.S1.LT1.PON7.ONT29,NOCLEICODEG240WA,ALCLF8716DBE,,WILDCARD,up,down
R1.S1.LT1.PON9.ONT27,     00000G240WF,ALCLB372BF2D,,22259048,up,up
R1.S1.LT1.PON1.ONT20,NOCLEICODEG010GA,ALCLB18A942F,,WILDCARD,up,up
R1.S1.LT1.PON5.ONT24,     00000G240WF,ALCLB372B040,,91970739,up,down
R1.S1.LT1.PON6.ONT23,     00000G240WF,ALCLB3A84E85,,22252855,up,up
R1.S1.LT1.PON8.ONT29,NOCLEICODEG240WA,ALCLF871707F,,WILDCARD,up,down
R1.S1.LT1.PON9.ONT28,     00000G240WF,ALCLB3A7CBD0,,22506952,up,up
R1.S1.LT1.PON1.ONT21,     00000G240WF,ALCLB3A5CD0C,,22256355,up,down
R1.S1.LT1.PON2.ONT24,     00000G240WF,ALCLB3BD3B62,ADIDO1_PBO16-F6,22255313,up,up
R1.S1.LT1.PON9.ONT29,     00000G240WF,ALCLB3A5CBEB,,22506934,up,up
R1.S1.LT1.PON1.ONT22,,ALCLB37241BD,,22257106,up,down
R1.S1.LT1.PON2.ONT21,     00000G240WF,ALCLB3A5CB48,,22504940,up,up
R1.S1.LT1.PON3.ONT21,,ALCLF87159FB,,WILDCARD,up,down
R1.S1.LT1.PON4.ONT24,,ALCLF87167E7,,WILDCARD,up,down
R1.S1.LT1.PON6.ONT22,     00000G240WF,ALCLB3A5C28E,,22502287,up,up
R1.S1.LT1.PON7.ONT25,,ALCLF8716383,,WILDCARD,up,down
R1.S1.LT1.PON8.ONT28,,ALCLF8715CA5,,WILDCARD,up,down
R1.S1.LT1.PON3.ONT22,NOCLEICODEG240WA,ALCLF8715F2B,ADIDO01_PBO20-F4,22257045,up,up
R1.S1.LT1.PON4.ONT21,NOCLEICODEG240WA,ALCLF8715F12,,WILDCARD,up,up
R1.S1.LT1.PON5.ONT20,     00000G240WF,ALCLB3724200,,22509419,up,up
R1.S1.LT1.PON7.ONT26,NOCLEICODEG240WA,ALCLF8716258,,WILDCARD,up,up
R1.S1.LT1.PON8.ONT25,NOCLEICODEG240WA,ALCLF87167F7,,WILDCARD,up,up
R1.S1.LT1.PON2.ONT20,     00000G240WF,ALCLB3A7CD36,,22507047,up,up
R1.S1.LT1.PON3.ONT23,NOCLEICODEG240WA,ALCLF8716111,,WILDCARD,up,up
R1.S1.LT1.PON5.ONT21,     00000G240WF,ALCLB30FC1E5,,22513876,up,down
R1.S1.LT1.PON6.ONT24,     00000G240WF,ALCLB34596F2,ADIDOGOME1_PBO263-F2,22512330,up,down
R1.S1.LT1.PON7.ONT27,NOCLEICODEG240WA,ALCLF8716616,,WILDCARD,up,up
R1.S1.LT1.PON9.ONT25,     00000G240WF,ALCLB3A5CB92,,22258865,up,up
R1.S1.LT1.PON3.ONT24,NOCLEICODEG240WA,ALCLF86BA447,,WILDCARD,up,up
R1.S1.LT1.PON4.ONT23,,ALCLF87165F0,,WILDCARD,up,down
R1.S1.LT1.PON5.ONT22,,ALCLB372BC90,,91534839,up,down
R1.S1.LT1.PON6.ONT21,     00000G240WF,ALCLB3A5C38C,,22259587,up,up
R1.S1.LT1.PON7.ONT28,NOCLEICODEG240WA,ALCLF8716142,,WILDCARD,up,down
R1.S1.LT1.PON8.ONT27,,ALCLF87167D3,,WILDCARD,up,down
R1.S1.LT1.PON9.ONT26,     00000G240WF,ALCLB3A7CD5E,,22251029,up,up
R1.S1.LT1.PON1.ONT27,NOCLEICODEG010GA,ALCLB135140E,,ADKONTACT,up,up
R1.S1.LT1.PON4.ONT20,NOCLEICODEG240WA,ALCLF87171CE,,WILDCARD,up,up
R1.S1.LT1.PON1.ONT28,,ALCLB3A7CE06,,22258871,up,down
R1.S1.LT1.PON2.ONT27,     00000G240WF,ALCLB3A5C2D5,,22252908,up,up
R1.S1.LT1.PON1.ONT29,,ALCLB3A5CDBA,,22512518,up,down
R1.S1.LT1.PON4.ONT22,NOCLEICODEG240WA,ALCLF8714EC9,,WILDCARD,up,up
R1.S1.LT1.PON6.ONT20,     00000G240WF,ALCLB3A5CD4D,,22252778,up,up
R1.S1.LT1.PON8.ONT26,NOCLEICODEG240WA,ALCLF8715C90,,WILDCARD,up,up
R1.S1.LT1.PON2.ONT29,     00000G240WF,ALCLB3BD3C59,DJIDJO02_PBO85-F3,22558288,up,up
R1.S1.LT1.PON3.ONT20,NOCLEICODEG240WA,ALCLF87165D5,ADIDO1_PBO21-F8,22505654,up,up
R1.S1.LT1.PON2.ONT26,NOCLEICODEG240WA,ALCLF8715CDE,,22506630,up,up
R1.S1.LT1.PON3.ONT29,,ALCLB372BF0B,,22252168,up,down
R1.S1.LT1.PON5.ONT27,     00000G240WF,ALCLB372C506,,22259201,up,up
R1.S1.LT1.PON4.ONT29,     00000G240WF,ALCLB372BE21,,91270040 ,up,down
R1.S1.LT1.PON5.ONT28,     00000G240WF,ALCLB372C8E2,,22258881,up,down
R1.S1.LT1.PON6.ONT27,     00000G240WF,ALCLB3BD42EA,DO3_PBO261-F1,22255177,up,up
R1.S1.LT1.PON1.ONT25,     00000G240WF,ALCLB372BE8A,,22257956,up,up
R1.S1.LT1.PON2.ONT28,     00000G240WF,ALCLB3A5CC37,,22502173,up,up
R1.S1.LT1.PON5.ONT29,     00000G240WF,ALCLB3A7CE9E,,22500980,up,down
R1.S1.LT1.PON1.ONT26,     00000G240WF,ALCLB372C07B,,22258425,up,up
R1.S1.LT1.PON2.ONT25,     00000G240WF,ALCLB3A5CE8C,,22251193,up,up
R1.S1.LT1.PON6.ONT29,     00000G240WF,ALCLB3BD3C23,PBO-256  F-5,22512337,up,up
R1.S1.LT1.PON3.ONT25,,ALCLB37241E2,,WILDCARD,up,down
R1.S1.LT1.PON4.ONT28,     00000G240WF,ALCLB372B3FC,,22258014,up,up
R1.S1.LT1.PON6.ONT26,     00000G240WF,ALCLB3BD4351,ADIDO3_PBO263-F3,22253795,up,up
R1.S1.LT1.PON3.ONT26,     00000G240WF,ALCLB37242AE,,22257718,up,up
R1.S1.LT1.PON4.ONT25,     00000G240WF,ALCLB37241CA,,22509523,up,up
R1.S1.LT1.PON3.ONT27,     00000G240WF,ALCLB3717412,,WILDCARD,up,up
R1.S1.LT1.PON5.ONT25,     00000G240WF,ALCLB372C559,,22504590,up,down
R1.S1.LT1.PON6.ONT28,     00000G240WF,ALCLB3BD3B67,ADIDO3_PBO256-F7,22253160,up,down
R1.S1.LT1.PON3.ONT28,     00000G240WF,ALCLB3716D5D,,22507834,up,up
R1.S1.LT1.PON4.ONT27,     00000G240WF,ALCLB30FC3BA,,22513896,up,up
R1.S1.LT1.PON5.ONT26,,ALCLB372C356,,92151392,up,down
R1.S1.LT1.PON6.ONT25,     00000G240WF,ALCLB3BD3B53,ADIDO3_PBO262-F2, 22251777,up,up
R1.S1.LT1.PON4.ONT26,     00000G240WF,ALCLB3717201,,22516621,up,down
R1.S1.LT1.PON1.ONT30,     00000G240WF,ALCLB3A5CCAF,,22252447,up,up
R1.S1.LT1.PON2.ONT33,     00000G240WF,ALCLB2F6A676,MINA4_PBO147-F6,22503909,up,up
R1.S1.LT1.PON5.ONT34,     00000G240WF,ALCLB3A5CB06,,22251069,up,down
R1.S1.LT1.PON9.ONT38,,ALCLB3A5C386,,22500999,up,down
R1.S1.LT1.PON1.ONT31,     00000G240WF,ALCLB2F6BCFB,ADID01_PBO01-F3,22500019,up,up
R1.S1.LT1.PON2.ONT30,     00000G240WF,ALCLB3BD4114,ADIDO1_PBO15-F4,22505624,up,up
R1.S1.LT1.PON5.ONT35,,ALCLB3A5CCC3,,22251061,up,down
R1.S1.LT1.PON6.ONT34,     00000G240WF,ALCLB2F6BB4A,ADID03_PBO261-F2,22558894,up,up
R1.S1.LT1.PON9.ONT39,     00000G240WF,ALCLB3A5C477,,22512059,up,up
R1.S1.LT1.PON1.ONT32,     00000G240WF,ALCLB3A5C418,,22502272,up,up
R1.S1.LT1.PON2.ONT35,     00000G240WF,ALCLB2F6B894,ADIDO1_PBO15-F6,22256208,up,up
R1.S1.LT1.PON1.ONT33,     00000G240WF,ALCLB3459952,,22252524,up,up
R1.S1.LT1.PON3.ONT32,     00000G240WF,ALCLB372C1FD,,92670175,up,up
R1.S1.LT1.PON4.ONT35,     00000G240WF,ALCLB3A5CCB0,,22502003,up,up
R1.S1.LT1.PON5.ONT30,     00000G240WF,ALCLB3A5CEDC,,22517090,up,up
R1.S1.LT1.PON6.ONT33,     00000G240WF,ALCLB2F6ABE9,ADIDO3_PBO263-F5,22558915,up,down
R1.S1.LT1.PON7.ONT36,,ALCLF8715A47,,WILDCARD,up,down
R1.S1.LT1.PON8.ONT39,NOCLEICODEG240WA,ALCLF8717204,,WILDCARD,up,up
R1.S1.LT1.PON3.ONT33,     00000G240WF,ALCLB372C954,,22512744,up,up
R1.S1.LT1.PON4.ONT32,     00000G240WF,ALCLB372A581,,22250798,up,up
R1.S1.LT1.PON5.ONT31,     00000G240WF,ALCLB3A5C4EE,,22507137,up,up
R1.S1.LT1.PON6.ONT30,     00000G240WF,ALCLB3BD3C76,ADIDO3_PBO263-F4,22255310,up,up
R1.S1.LT1.PON7.ONT37,NOCLEICODEG240WA,ALCLF87152ED,,WILDCARD,up,up
R1.S1.LT1.PON8.ONT36,NOCLEICODEG240WA,ALCLF8715D84,,WILDCARD,up,up
R1.S1.LT1.PON2.ONT31,     00000G240WF,ALCLB3BD4067,ADIDO1_PBO010-F8,22509355,up,up
R1.S1.LT1.PON3.ONT34,     00000G240WF,ALCLB372C34D,,22250832,up,down
R1.S1.LT1.PON5.ONT32,     00000G240WF,ALCLB3A7CA41,,22516027,up,up
R1.S1.LT1.PON6.ONT35,     00000G240WF,ALCLB2F6AB69,ADIDO3_PBO263-F6,22503107,up,down
R1.S1.LT1.PON7.ONT38,,ALCLF87152F1,,WILDCARD,up,down
R1.S1.LT1.PON9.ONT36,,ALCLB3A5C45F,,22512135,up,down
R1.S1.LT1.PON3.ONT35,     00000G240WF,ALCLB372C852,,22517521,up,up
R1.S1.LT1.PON4.ONT34,     00000G240WF,ALCLB3A7CD41,,22258839,up,up
R1.S1.LT1.PON5.ONT33,     00000G240WF,ALCLB3A5CBD3,,22505763,up,down
R1.S1.LT1.PON6.ONT32,     00000G240WF,ALCLB3BD417F,ADIDO3_PB0256-F8,22519812,up,up
R1.S1.LT1.PON7.ONT39,,ALCLF871550E,,WILDCARD,up,down
R1.S1.LT1.PON8.ONT38,,ALCLF8715532,,WILDCARD,up,down
R1.S1.LT1.PON9.ONT37,     00000G240WF,ALCLB3A5C595,,22519245,up,up
R1.S1.LT1.PON1.ONT38,     00000G240WF,ALCLB2F6B480,ADIDO01_PBO06-F6,22558213,up,up
R1.S1.LT1.PON4.ONT31,     00000G240WF,ALCLB372A420,,22253945,up,down
R1.S1.LT1.PON1.ONT39,     00000G240WF,ALCLB2F6AC1F,ADIDO1_PBO6-F7,22558856,up,down
R1.S1.LT1.PON2.ONT38,     00000G240WF,ALCLB3BD3CC2,ADIDO1_PBO12-F3,22253753,up,up
R1.S1.LT1.PON3.ONT30,NOCLEICODEG010GA,ALCLB1350FF3,,WILDCARD,up,up
R1.S1.LT1.PON4.ONT33,     00000G240WF,ALCLB372BE8D,,22258562,up,up
R1.S1.LT1.PON6.ONT31,     00000G240WF,ALCLB3BD3C22,ADIDO3_PBO256-F6,22508929,up,up
R1.S1.LT1.PON8.ONT37,NOCLEICODEG240WA,ALCLF8715AC7,,WILDCARD,up,down
R1.S1.LT1.PON3.ONT31,     00000G240WF,ALCLB372B0E2,,22519674,up,up
R1.S1.LT1.PON4.ONT30,     00000G240WF,ALCLB372A4D1,,22258356,up,up
R1.S1.LT1.PON2.ONT37,     00000G240WF,ALCLB2F6BE2C,ADIDO1-PBO11-F3,22558738,up,down
R1.S1.LT1.PON5.ONT38,     00000G240WF,ALCLB3A5CE00,,22502164,up,up
R1.S1.LT1.PON5.ONT39,     00000G240WF,ALCLB3A5CDA4,,22259974,up,down
R1.S1.LT1.PON6.ONT38,     00000G240WF,ALCLB3BD41C4,ADIDO3_PBO262-F3,22508241,up,up
R1.S1.LT1.PON1.ONT36,     00000G240WF,ALCLB2F6B89D,ADIDO1_PB3-F6,22558745,up,up
R1.S1.LT1.PON2.ONT39,     00000G240WF,ALCLB3BD41AA,ADIDO1_PBO09-F4,22504235,up,down
R1.S1.LT1.PON1.ONT37,     00000G240WF,ALCLB2F6A961,ADIDO1_PBO3_F7,22212773,up,up
R1.S1.LT1.PON2.ONT36,     00000G240WF,ALCLB2F6BE2B,ADIDO1_PBO16-F8,22558222,up,up
R1.S1.LT1.PON3.ONT36,     00000G240WF,ALCLB372B012,,22500685,up,up
R1.S1.LT1.PON4.ONT39,     00000G240WF,ALCLB3BD3B52,ADIDO2_PBO25-F6,22256395,up,down
R1.S1.LT1.PON6.ONT37,     00000G240WF,ALCLB2F6AD9C,ADIDO3_PBO261-F3,22503174,up,up
R1.S1.LT1.PON3.ONT37,     00000G240WF,ALCLB3A7CD8E,,22256390,up,up
R1.S1.LT1.PON4.ONT36,     00000G240WF,ALCLB3A5CB25,,22506842,up,up
R1.S1.LT1.PON3.ONT38,     00000G240WF,ALCLB3A5CBC2,,22516553,up,up
R1.S1.LT1.PON5.ONT36,,ALCLB3A5CD18,,22501935,up,down
R1.S1.LT1.PON6.ONT39,     00000G240WF,ALCLB3BD3E23,ADIDO03_PBO263-F7,22508298,up,up
R1.S1.LT1.PON3.ONT39,,ALCLB3A5C3DE,,22251835,up,down
R1.S1.LT1.PON4.ONT38,     00000G240WF,ALCLB3A5C58F,,22259395,up,up
R1.S1.LT1.PON5.ONT37,     00000G240WF,ALCLB3A5CD26,,22512149,up,down
R1.S1.LT1.PON6.ONT36,     00000G240WF,ALCLB2F6BCB8,ADIDO03_PBO261-F5,22502755,up,up
R1.S1.LT1.PON9.ONT23,     00000G240WF,ALCLB3A5CB65,,22256904,up,up
R1.S1.LT1.PON9.ONT24,     00000G240WF,ALCLB3A5CB1A,,22518839,up,up
R1.S1.LT1.PON4.ONT37,     00000G240WF,ALCLB3A7CB0B,,22505935,up,down
R1.S1.LT1.PON7.ONT21,NOCLEICODEG240WA,ALCLF8716F5B,,WILDCARD,up,up
R1.S1.LT1.PON8.ONT24,,ALCLF87159E1,,WILDCARD,up,down
R1.S1.LT1.PON7.ONT22,,ALCLF8716F48,,WILDCARD,up,down
R1.S1.LT1.PON8.ONT21,NOCLEICODEG240WA,ALCLF871637E,,WILDCARD,up,up
R1.S1.LT1.PON9.ONT20,     00000G240WF,ALCLB3A5CB84,,22258882,up,up
R1.S1.LT1.PON7.ONT23,,ALCLF8716280,,WILDCARD,up,down
R1.S1.LT1.PON9.ONT21,     00000G240WF,ALCLB3A5CCD3,,22509962,up,down
R1.S1.LT1.PON7.ONT24,NOCLEICODEG240WA,ALCLF87159CD,,WILDCARD,up,up
R1.S1.LT1.PON8.ONT23,,ALCLF8716274,,WILDCARD,up,down
R1.S1.LT1.PON9.ONT22,     00000G240WF,ALCLB3A5CB8B,,22259256,up,up
R1.S1.LT1.PON1.ONT23,     00000G240WF,ALCLB3717487,,22519823,up,up
R1.S1.LT1.PON8.ONT20,NOCLEICODEG240WA,ALCLF87154C6,ADI3_PBO203-F6,WILDCARD,up,up
R1.S1.LT1.PON1.ONT24,,ALCLB372BEF3,,22519120,up,down
R1.S1.LT1.PON2.ONT23,     00000G240WF,ALCLB3A5C37E,,22519965,up,up
R1.S1.LT1.PON8.ONT22,NOCLEICODEG240WA,ALCLF87161C3,,WILDCARD,up,up
R1.S1.LT1.PON7.ONT20,NOCLEICODEG240WA,ALCLF8714E05,,WILDCARD,up,up
R1.S1.LT1.PON1.ONT41,     00000G240WF,ALCLB2F6B085,ADIDO1_PBO02-F1,22558910,up,up
R1.S1.LT1.PON2.ONT44,     00000G240WF,ALCLB3BD427E,ADID01_PBO14-F4,22558995,up,up
R1.S1.LT1.PON5.ONT45,     00000G240WF,ALCLB3BD42AB,ADIDO2_PBO40-F5,22253789,up,down
R1.S1.LT1.PON9.ONT49,,ALCLB3A5C2B0,,22505741,up,down
R1.S1.LT1.PON11.ONT2,NOCLEICODEG240WA,ALCLF87151EB,,WILDCARD,up,up
R1.S1.LT1.PON16.ONT1,NOCLEICODEG240WA,ALCLF8715C9C,,WILDCARD,up,down
R1.S1.LT1.PON1.ONT42,     00000G240WF,ALCLB3BD4226,ADIDO_PBO07-F5,22500866,up,up
R1.S1.LT1.PON2.ONT41,     00000G240WF,ALCLB2F6B112,ADIDO1_PBO15-F5,22503915,up,up
R1.S1.LT1.PON5.ONT46,     00000G240WF,ALCLB3BD3B66,ADIDO2_PBO34-F8,22254229,up,up
R1.S1.LT1.PON16.ONT2,,ALCLF8716DBB,,WILDCARD,up,down
R1.S1.LT1.PON1.ONT43,     00000G240WF,ALCLB3D117B9,AMADA1_PBO005-F5,22508178,up,up
R1.S1.LT1.PON2.ONT46,     00000G240WF,ALCLB2F6B83E,DID01_PBO14-F6,22558945,up,up
R1.S1.LT1.PON8.ONT40,NOCLEICODEG240WA,ALCLF8716040,,WILDCARD,up,up
R1.S1.LT1.PON10.ONT1,,ALCLF871549F,,WILDCARD,up,down
R1.S1.LT1.PON13.ONT2,NOCLEICODEG240WA,ALCLF87150CE,,WILDCARD,up,down
R1.S1.LT1.PON1.ONT44,     00000G240WF,ALCLB3CEFBED,ADIDO1_PBO3-F3,22250787,up,up
R1.S1.LT1.PON2.ONT43,     00000G240WF,ALCLB3BD3EF0,ADID01_PBO11-F4,22508928,up,down
R1.S1.LT1.PON10.ONT2,NOCLEICODEG240WA,ALCLF871509A,,WILDCARD,up,up
R1.S1.LT1.PON11.ONT1,NOCLEICODEG240WA,ALCLF8714EC2,,WILDCARD,up,up
R1.S1.LT1.PON2.ONT40,     00000G240WF,ALCLB2F6BA4F,ADIDO1_PBO15-F6,22502796,up,up
R1.S1.LT1.PON3.ONT43,,ALCLB3A5CEE4,,22258130,up,down
R1.S1.LT1.PON4.ONT46,     00000G240WF,ALCLB2F6B2B1,ADIDO2_PBO26-F3,22253648,up,down
R1.S1.LT1.PON5.ONT41,     00000G240WF,ALCLB3A5C38E,,22259760,up,up
R1.S1.LT1.PON7.ONT47,NOCLEICODEG010GA,ALCLB135109B,,WILDCARD,up,up
R1.S1.LT1.PON12.ONT9,,ALCLF8716FD7,,22253529 ,up,down
R1.S1.LT1.PON15.ONT2,,ALCLF8714DFF,,WILDCARD,up,down
R1.S1.LT1.PON3.ONT44,     00000G240WF,ALCLB3A5CEF6,,22515138,up,down
R1.S1.LT1.PON4.ONT43,     00000G240WF,ALCLB34599D7,,22500283,up,up
R1.S1.LT1.PON5.ONT42,     00000G240WF,ALCLB3A5C3E6,,22254519,up,up
R1.S1.LT1.PON6.ONT41,     00000G240WF,ALCLB3D117F9,ADIDO3_PBO262-F4,22506500,up,down
R1.S1.LT1.PON7.ONT48,,ALCLB372B02B,,91948079,up,down
R1.S1.LT1.PON8.ONT47,     00000G240WF,ALCLB3BD426A,ADID03_PBO204-F7,22558064,up,down
R1.S1.LT1.PON13.ONT9,NOCLEICODEG240WA,ALCLF8714F9A,,WILDCARD,up,down
R1.S1.LT1.PON2.ONT42,     00000G240WF,ALCLB3BD3D94,ADID01_PBO13-F7,22558215,up,up
R1.S1.LT1.PON3.ONT45,NOCLEICODEG010GA,ALCLB135146A,,WILDCARD,up,up
R1.S1.LT1.PON5.ONT43,     00000G240WF,ALCLB3A5C4AB,,22251764,up,down
R1.S1.LT1.PON7.ONT49,,ALCLB372AF4B,,22258195,up,down
R1.S1.LT1.PON9.ONT47,     00000G240WF,ALCLB3A5CCC9,,22251404,up,down
R1.S1.LT1.PON14.ONT1,,ALCLF8714EBF,,WILDCARD,up,down
R1.S1.LT1.PON1.ONT40,     00000G240WF,ALCLB2F6B6D7,ADIDO1_PBO4-F1,22259574,up,up
R1.S1.LT1.PON3.ONT46,NOCLEICODEG010GA,ALCLB18A9564,ADIDO1_PBO17-F3,WILDCARD,up,up
R1.S1.LT1.PON4.ONT45,     00000G240WF,ALCLB3BD435A,ADI2_PBO25-F4,22253115,up,up
R1.S1.LT1.PON5.ONT44,     00000G240WF,ALCLB3A5C5E5,,22509323,up,up
R1.S1.LT1.PON8.ONT49,     00000G240WF,ALCLB3A5CDAD,,22513051,up,down
R1.S1.LT1.PON9.ONT48,     00000G240WF,ALCLB3A5C2A4,,22500226,up,up
R1.S1.LT1.PON14.ONT2,,ALCLF8715433,,WILDCARD,up,down
R1.S1.LT1.PON15.ONT1,,ALCLF87154D9,PBOxx-Fx,22253842,up,down
R1.S1.LT1.PON4.ONT42,     00000G240WF,ALCLB3A5CE5E,,22502257,up,up
R1.S1.LT1.PON6.ONT40,     00000G240WF,ALCLB3CF040C,ADIDO3_PBO263-F8,22510282,up,up
R1.S1.LT1.PON10.ONT7,NOCLEICODEG240WA,ALCLF8716088,,WILDCARD,up,up
R1.S1.LT1.PON12.ONT5,NOCLEICODEG240WA,ALCLF87171E6,,WILDCARD,up,down
R1.S1.LT1.PON13.ONT8,NOCLEICODEG240WA,ALCLF8715498,,WILDCARD,up,up
R1.S1.LT1.PON16.ONT9,,ALCLF8714DB4,,WILDCARD,up,down
R1.S1.LT1.PON2.ONT49,     00000G240WF,ALCLB3BD39FB,ADIDO1_PBO15-F8,22500390,up,up
R1.S1.LT1.PON3.ONT40,     00000G240WF,ALCLB3A5C72A,,22515805,up,down
R1.S1.LT1.PON10.ONT8,NOCLEICODEG240WA,ALCLF8716607,,WILDCARD,up,down
R1.S1.LT1.PON11.ONT7,NOCLEICODEG240WA,ALCLF87150D2,,22257371,up,up
R1.S1.LT1.PON12.ONT6,NOCLEICODEG240WA,ALCLF871715E,,WILDCARD,up,up
R1.S1.LT1.PON13.ONT5,,ALCLF8715496,,WILDCARD,up,down
R1.S1.LT1.PON3.ONT41,     00000G240WF,ALCLB3A5CD0B,,22503649,up,up
R1.S1.LT1.PON4.ONT44,     00000G240WF,ALCLB34599EE,,22506062,up,up
R1.S1.LT1.PON8.ONT48,,ALCLB3A5CD51,,22517037,up,down
R1.S1.LT1.PON10.ONT9,,ALCLF87159F9,,WILDCARD,up,down
R1.S1.LT1.PON12.ONT7,,ALCLF87173C7,,WILDCARD,up,down
R1.S1.LT1.PON3.ONT42,     00000G240WF,ALCLB3A5CED1,,22502143,up,down
R1.S1.LT1.PON4.ONT41,,ALCLB3A5CCD7,,22502054,up,down
R1.S1.LT1.PON5.ONT40,     00000G240WF,ALCLB3A5CEDF,,22258181,up,up
R1.S1.LT1.PON11.ONT9,,ALCLF87150E1,,WILDCARD,up,down
R1.S1.LT1.PON12.ONT8,NOCLEICODEG240WA,ALCLF871700D,,WILDCARD,up,down
R1.S1.LT1.PON13.ONT7,     00000G240WF,ALCLB3A7CB4E,,22515049,up,up
R1.S1.LT1.PON2.ONT48,     00000G240WF,ALCLB3D1186D,ADIDO1_PBO09-F6,22506894,up,up
R1.S1.LT1.PON5.ONT49,     00000G240WF,ALCLB3BD3F37,ADIDO2_PBO37-F8,22558013,up,up
R1.S1.LT1.PON10.ONT3,NOCLEICODEG240WA,ALCLF87152F9,,WILDCARD,up,up
R1.S1.LT1.PON11.ONT6,,ALCLF87152E1,,22502549,up,down
R1.S1.LT1.PON13.ONT4,,ALCLF871548C,,WILDCARD,up,down
R1.S1.LT1.PON14.ONT7,,ALCLF87150CC,,WILDCARD,up,down
R1.S1.LT1.PON16.ONT5,NOCLEICODEG240WA,ALCLF871548A,,WILDCARD,up,down
R1.S1.LT1.PON10.ONT4,,ALCLF87154B9,,WILDCARD,up,down
R1.S1.LT1.PON11.ONT3,NOCLEICODEG240WA,ALCLF8714EDA,,WILDCARD,up,up
R1.S1.LT1.PON14.ONT8,,ALCLF87161D2,,WILDCARD,up,down
R1.S1.LT1.PON15.ONT7,     00000G240WF,ALCLB3A7CBC0,,22257836,up,up
R1.S1.LT1.PON16.ONT6,,ALCLF87154A2,,WILDCARD,up,down
R1.S1.LT1.PON1.ONT47,     00000G240WF,ALCLB3CF0190,ADIDO1_PBO01-F6,22510800,up,up
R1.S1.LT1.PON4.ONT40,     00000G240WF,ALCLB3A5C558,,22251091,up,up
R1.S1.LT1.PON10.ONT5,,ALCLF8714FAA,,WILDCARD,up,down
R1.S1.LT1.PON11.ONT8,,ALCLF8714F5F,,WILDCARD,up,down
R1.S1.LT1.PON12.ONT3,,ALCLF87167D4,,WILDCARD,up,down
R1.S1.LT1.PON13.ONT6,NOCLEICODEG240WA,ALCLF871549A,,WILDCARD,up,down
R1.S1.LT1.PON14.ONT9,,ALCLF87159F2,,WILDCARD,up,down
R1.S1.LT1.PON16.ONT7,,ALCLF8714E02,,WILDCARD,up,down
R1.S1.LT1.PON2.ONT47,     00000G240WF,ALCLB3BD3B71,ADIDO1_PB0009_F5,22255224,up,up
R1.S1.LT1.PON10.ONT6,     00000G240WF,ALCLB372A57D,,22508424,up,up
R1.S1.LT1.PON11.ONT5,NOCLEICODEG240WA,ALCLF87154CD,,WILDCARD,up,up
R1.S1.LT1.PON12.ONT4,NOCLEICODEG240WA,ALCLF8716C9D,,WILDCARD,up,down
R1.S1.LT1.PON13.ONT3,NOCLEICODEG240WA,ALCLF87154C5,,WILDCARD,up,down
R1.S1.LT1.PON15.ONT9,NOCLEICODEG240WA,ALCLF87167E5,,WILDCARD,up,up
R1.S1.LT1.PON16.ONT8,,ALCLF87154A5,,WILDCARD,up,down
R1.S1.LT1.PON3.ONT47,     00000G240WF,ALCLB3BD4337,ADIDO1_PBO18-F8,22255334,up,up
R1.S1.LT1.PON14.ONT3,NOCLEICODEG240WA,ALCLF87161E5,,WILDCARD,up,up
R1.S1.LT1.PON15.ONT6,NOCLEICODEG240WA,ALCLF8715454,,WILDCARD,up,down
R1.S1.LT1.PON3.ONT48,     00000G240WF,ALCLB3BD3FFE,ADIDO1_PBO20-F6,22252370,up,up
R1.S1.LT1.PON4.ONT47,     00000G240WF,ALCLB3BD4009,ADIDO2_PBO29-F7,22504154,up,down
R1.S1.LT1.PON14.ONT4,NOCLEICODEG240WA,ALCLF87150A1,,WILDCARD,up,up
R1.S1.LT1.PON15.ONT3,NOCLEICODEG240WA,ALCLF8714F9C,,WILDCARD,up,up
R1.S1.LT1.PON3.ONT49,     00000G240WF,ALCLB2F6B028,ADIDO1-PBO23-F8,22510812,up,up
R1.S1.LT1.PON5.ONT47,     00000G240WF,ALCLB2F6B502,ADIDO2_PBO33-F7,22516698,up,down
R1.S1.LT1.PON11.ONT4,NOCLEICODEG240WA,ALCLF8715A01,,WILDCARD,up,up
R1.S1.LT1.PON14.ONT5,,ALCLF8714DE4,,WILDCARD,up,down
R1.S1.LT1.PON15.ONT8,NOCLEICODEG240WA,ALCLF8714E16,,WILDCARD,up,up
R1.S1.LT1.PON16.ONT3,,ALCLF8714E15,,WILDCARD,up,down
R1.S1.LT1.PON4.ONT49,     00000G240WF,ALCLB2F6B152,ADIDO2_PBO25-F5,22509663,up,down
R1.S1.LT1.PON5.ONT48,     00000G240WF,ALCLB2F6B0DB,ADIDO2_PBO33-F8,22257715,up,up
R1.S1.LT1.PON14.ONT6,,ALCLF87167FF,,WILDCARD,up,down
R1.S1.LT1.PON15.ONT5,     00000G240WF,ALCLB3A7CC99,,22256536,up,up
R1.S1.LT1.PON16.ONT4,NOCLEICODEG240WA,ALCLF871513F,,WILDCARD,up,down
R1.S1.LT1.PON9.ONT34,     00000G240WF,ALCLB3A5C2B5,,22514534,up,down
R1.S1.LT1.PON9.ONT35,     00000G240WF,ALCLB3A5C55D,,22514208,up,up
R1.S1.LT1.PON4.ONT48,     00000G240WF,ALCLB2F6B973,ADID02_PBO29-F8,22558694,up,up
R1.S1.LT1.PON15.ONT4,NOCLEICODEG240WA,ALCLF8714DC2,,WILDCARD,up,down
R1.S1.LT1.PON7.ONT32,NOCLEICODEG240WA,ALCLF87161B0,,WILDCARD,up,up
R1.S1.LT1.PON8.ONT35,NOCLEICODEG240WA,ALCLF87158AE,,WILDCARD,up,down
R1.S1.LT1.PON9.ONT30,     00000G240WF,ALCLB3A7C9F4,,22259353,up,down
R1.S1.LT1.PON7.ONT33,NOCLEICODEG010GA,ALCLB18A94B8,,WILDCARD,up,up
R1.S1.LT1.PON8.ONT32,NOCLEICODEG240WA,ALCLF8715538,,WILDCARD,up,up
R1.S1.LT1.PON9.ONT31,     00000G240WF,ALCLB3A7CE2F,,22500016,up,up
R1.S1.LT1.PON7.ONT34,NOCLEICODEG240WA,ALCLF87159F8,,WILDCARD,up,up
R1.S1.LT1.PON9.ONT32,     00000G240WF,ALCLB3A7CA4C,,22256107,up,up
R1.S1.LT1.PON7.ONT35,NOCLEICODEG240WA,ALCLF8715CC9,,WILDCARD,up,up
R1.S1.LT1.PON8.ONT34,NOCLEICODEG240WA,ALCLF87152BD,,WILDCARD,up,down
R1.S1.LT1.PON9.ONT33,     00000G240WF,ALCLB372B1C4,,22258174,up,up
R1.S1.LT1.PON1.ONT34,     00000G240WF,ALCLB3BD3A2A,ADIDO1_PBO1-F3,22516211,up,up
R1.S1.LT1.PON8.ONT31,NOCLEICODEG240WA,ALCLF871703D,,WILDCARD,up,up
R1.S1.LT1.PON1.ONT35,     00000G240WF,ALCLB2F6B7E9,ADIDO1_PBO06-F5,22509066,up,down
R1.S1.LT1.PON2.ONT34,     00000G240WF,ALCLB2F6B2BF,ADIDO1_PBO11-F2,22253699,up,up
R1.S1.LT1.PON7.ONT30,,ALCLF871543B,,WILDCARD,up,down
R1.S1.LT1.PON8.ONT33,NOCLEICODEG240WA,ALCLF8715442,,WILDCARD,up,up
R1.S1.LT1.PON7.ONT31,,ALCLF8715325,,WILDCARD,up,down
R1.S1.LT1.PON8.ONT30,     00000G240WF,ALCLB37175F2,,WILDCARD,up,up
R1.S1.LT1.PON2.ONT55,     00000G240WF,ALCLB3D1239E,ADIDO1_PBO09-F1,22510061,up,up
R1.S1.LT1.PON2.ONT52,     00000G240WF,ALCLB3BD3A75,ADIDO1_PB014_F8,22254310,up,down
R1.S1.LT1.PON8.ONT51,     00000G240WF,ALCLB3BD4270,ADIDO_PBO204-F6,22255264,up,up
R1.S1.LT1.PON2.ONT54,     00000G240WF,ALCLB3CEFDBD,ADIDO1_PBO11-F5,22515972,up,up
R1.S1.LT1.PON2.ONT51,     00000G240WF,ALCLB3D1213C,ADIDO1_PBO11-F6,22503722,up,up
R1.S1.LT1.PON3.ONT54,     00000G240WF,ALCLB3BD39EC,ADIDO1_PBO19-F5,22558297,up,down
R1.S1.LT1.PON7.ONT58,     00000G240WF,ALCLB3BD3DCB,ADIDO3_PB0195_F7,22558156,up,up
R1.S1.LT1.PON3.ONT55,     00000G240WF,ALCLB3CF04D9,ADIDO1_PBO20-F8,22508117,up,up
R1.S1.LT1.PON4.ONT54,     00000G240WF,ALCLB3CF0727,ADIDO2_PBO27-F3,22258712,up,up
R1.S1.LT1.PON7.ONT59,     00000G240WF,ALCLB3CEFE4F,ADIDO3_PBO193-F6,22510262,up,up
R1.S1.LT1.PON2.ONT53,     00000G240WF,ALCLB3D11A56,ADIDO1_PBO011-F7,22513776,up,up
R1.S1.LT1.PON9.ONT58,     00000G240WF,ALCLB3BD42E6,ADIDO_PBO211-F8,22253556,up,up
R1.S1.LT1.PON2.ONT50,     00000G240WF,ALCLB3D11ACB,ADIDO1_PBO13-F2,22515261,up,down
R1.S1.LT1.PON9.ONT59,     00000G240WF,ALCLB3BD3C14,ADIDO3_PBO210-F7,22253195,up,up
R1.S1.LT1.PON3.ONT50,     00000G240WF,ALCLB2F6AAB4,ADIDO1-PBO17-F2,22519949,up,up
R1.S1.LT1.PON4.ONT53,     00000G240WF,ALCLB3CF04AE,ADIDO2_PBO30-F5,22508582,up,up
R1.S1.LT1.PON3.ONT51,     00000G240WF,ALCLB2F6B122,ADIDO1_PBO17-F8,22508967,up,down
R1.S1.LT1.PON4.ONT50,     00000G240WF,ALCLB2F6AC80,ADIDO02_PBO26-F4,22508984,up,up
R1.S1.LT1.PON3.ONT52,     00000G240WF,ALCLB2F6B46C,ADIDO1_PBO19-F4,22257426,up,up
R1.S1.LT1.PON5.ONT50,     00000G240WF,ALCLB2F6B475,ADIDO2_PBO38-F3,22508877,up,up
R1.S1.LT1.PON3.ONT53,     00000G240WF,ALCLB3A5C373,ADIDO1_PBO20-F7,22508253,up,down
R1.S1.LT1.PON4.ONT52,     00000G240WF,ALCLB3D11703,DID02_PBO26-F6,22508520,up,up
R1.S1.LT1.PON4.ONT51,     00000G240WF,ALCLB2F6B800,ADIDO02_PBO26-F5,22254531,up,up
R1.S1.LT1.PON9.ONT45,     00000G240WF,ALCLB3A5CEE2,,22502132,up,up
R1.S1.LT1.PON9.ONT46,     00000G240WF,ALCLB3A5C976,,22502007,up,up
R1.S1.LT1.PON7.ONT43,,ALCLB37242AF,,22504487,up,down
R1.S1.LT1.PON8.ONT46,     00000G240WF,ALCLB3A5C448,,22502237,up,up
R1.S1.LT1.PON9.ONT41,     00000G240WF,ALCLB3A5CDB3,,22251231,up,up
R1.S1.LT1.PON7.ONT44,     00000G240WF,ALCLB371757D,,22514473,up,up
R1.S1.LT1.PON8.ONT43,     00000G240WF,ALCLB372C1EC,,22503745,up,up
R1.S1.LT1.PON9.ONT42,     00000G240WF,ALCLB3A5CC2B,,22516728,up,up
R1.S1.LT1.PON7.ONT45,     00000G240WF,ALCLB372BC9C,,22258034,up,up
R1.S1.LT1.PON9.ONT43,     00000G240WF,ALCLB3A5CD7A,,22253992,up,up
R1.S1.LT1.PON7.ONT46,     00000G240WF,ALCLB3717043,,22503102,up,up
R1.S1.LT1.PON8.ONT45,     00000G240WF,ALCLB3A5C2DA,,22506417,up,up
R1.S1.LT1.PON9.ONT44,     00000G240WF,ALCLB3A5CE7C,,22506140,up,up
R1.S1.LT1.PON1.ONT45,     00000G240WF,ALCLB3CF017F,ADIDO1_PBO1-F4,22508094,up,down
R1.S1.LT1.PON8.ONT42,NOCLEICODEG240WA,ALCLF8715D7A,,WILDCARD,up,down
R1.S1.LT1.PON12.ONT1,,ALCLF87152F6,,WILDCARD,up,down
R1.S1.LT1.PON1.ONT46,     00000G240WF,ALCLB3D118A5,ADIDO1_PBO01-F5,22505140,up,up
R1.S1.LT1.PON2.ONT45,     00000G240WF,ALCLB3D115BE,ADIDO1_PBO14-F5,22254002,up,up
R1.S1.LT1.PON7.ONT40,NOCLEICODEG240WA,ALCLF8716055,,WILDCARD,up,down
R1.S1.LT1.PON12.ONT2,NOCLEICODEG240WA,ALCLF8715C8F,,WILDCARD,up,up
R1.S1.LT1.PON13.ONT1,,ALCLF8714DC5,,WILDCARD,up,down
R1.S1.LT1.PON7.ONT41,     00000G240WF,ALCLB2F6B80B,DIDO03_PBO195-F4,22502743,up,up
R1.S1.LT1.PON8.ONT44,,ALCLB3A7CCDE,,22503999,up,down
R1.S1.LT1.PON7.ONT42,,ALCLB372433C,,WILDCARD,up,down
R1.S1.LT1.PON8.ONT41,NOCLEICODEG240WA,ALCLF871601A,,WILDCARD,up,up
R1.S1.LT1.PON9.ONT40,     00000G240WF,ALCLB3A5C4E5,,22251303,up,up
R1.S1.LT1.PON9.ONT56,     00000G240WF,ALCLB3BD3E6F,ADIDO3_PBO214-F8,22251539,up,up
R1.S1.LT1.PON9.ONT57,     00000G240WF,ALCLB3BD429F,ADIDO3_PBO210-F6,22257020 ,up,up
R1.S1.LT1.PON7.ONT54,     00000G240WF,ALCLB345997C,,22253568,up,up
R1.S1.LT1.PON8.ONT57,     00000G240WF,ALCLB3D115BB,ADIDO3-PBO204-F8,22505221,up,down
R1.S1.LT1.PON9.ONT52,     00000G240WF,ALCLB2F6BCF9,ADIDO1_PBO210-F4,22253609,up,up
R1.S1.LT1.PON7.ONT55,     00000G240WF,ALCLB2F6B3AA,ADIDO3_PBO195-F5,22558158,up,up
R1.S1.LT1.PON8.ONT54,     00000G240WF,ALCLB3CEFD37,ADIDO3_PBO202-F4,22510662,up,down
R1.S1.LT1.PON9.ONT53,     00000G240WF,ALCLB3A84EBD,,22501533,up,up
R1.S1.LT1.PON7.ONT56,     00000G240WF,ALCLB3BD4143,ADIDO03_PBO194-F3,22256362,up,up
R1.S1.LT1.PON9.ONT54,     00000G240WF,ALCLB34596AB,,22253020,up,up
R1.S1.LT1.PON7.ONT57,     00000G240WF,ALCLB3BD3E3D,ADIDO3_PB0195_F6,22558157,up,up
R1.S1.LT1.PON8.ONT56,     00000G240WF,ALCLB3D11A7A,ADIDO3_PBO202-F5,22509051,up,up
R1.S1.LT1.PON9.ONT55,     00000G240WF,ALCLB3A84EF6,22504554,22504554,up,up
R1.S1.LT1.PON7.ONT50,,ALCLB372C5A9,,91352192,up,down
R1.S1.LT1.PON8.ONT53,     00000G240WF,ALCLB2F6A65C,ADIDO3_PB0202_F3,22256210,up,up
R1.S1.LT1.PON2.ONT56,     00000G240WF,ALCLB3CF0044,ADIDO1-PBO16-F2,22500179,up,up
R1.S1.LT1.PON7.ONT51,     00000G240WF,ALCLB372C710,,22251792,up,up
R1.S1.LT1.PON8.ONT50,     00000G240WF,ALCLB3459958,,22251787,up,up
R1.S1.LT1.PON7.ONT52,     00000G240WF,ALCLB3A7CC95,,22251389,up,up
R1.S1.LT1.PON8.ONT55,     00000G240WF,ALCLB3D121B7,ADIDO3_PBO205-F8,22502946,up,up
R1.S1.LT1.PON9.ONT50,     00000G240WF,ALCLB3A5C307,,22253083 ,up,up
R1.S1.LT1.PON7.ONT53,     00000G240WF,ALCLB3A5CC1F,,22251373,up,up
R1.S1.LT1.PON8.ONT52,     00000G240WF,ALCLB2F6B5A5,ADIDO3_PBO202-F2,22253457,up,down
R1.S1.LT1.PON9.ONT51,     00000G240WF,ALCLB345983D,,22502429,up,up
R1.S1.LT1.PON9.ONT60,     00000G240WF,ALCLB3BD3DED,ADIDO1_PBO211-F7,22250899,up,up
R1.S1.LT1.PON7.ONT60,     00000G240WF,ALCLB3CF068D,ADIDO3_PBO195-F8,22254525,up,up
R1.S1.LT1.PON9.ONT63,     00000G240WF,ALCLB3D116AC,ADIDO3_PBO212-F7,22508446,up,up
R1.S1.LT1.PON9.ONT64,     00000G240WF,ALCLB3D118B3,ADIDO3_PBO212-F8,22254454,up,up
R1.S1.LT1.PON9.ONT61,     00000G240WF,ALCLB3BD3F8F,PBO210-F8,22558155,up,up
R1.S1.LT1.PON9.ONT62,     00000G240WF,ALCLB2F6BF2A,ADIDO3_PBO202-F6,22558126,up,down
R1.S1.LT1.PON9.ONT12,     00000G240WF,ALCLB3A7CCF2,,22517934,up,up
R1.S1.LT1.PON9.ONT13,,ALCLB3A7CD4F,,22513897,up,down
R1.S1.LT1.PON7.ONT10,,ALCLF8716A8B,,WILDCARD,up,down
R1.S1.LT1.PON8.ONT13,NOCLEICODEG240WA,ALCLF8717361,,WILDCARD,up,up
R1.S1.LT1.PON7.ONT11,,ALCLF8717371,,WILDCARD,up,down
R1.S1.LT1.PON8.ONT10,,ALCLF871601E,,WILDCARD,up,down
R1.S1.LT1.PON7.ONT12,NOCLEICODEG240WA,ALCLF8716C63,,WILDCARD,up,up
R1.S1.LT1.PON9.ONT10,,ALCLB3A7CDCB,,22508153,up,down
R1.S1.LT1.PON7.ONT13,NOCLEICODEG240WA,ALCLF87167D9,,22256527,up,up
R1.S1.LT1.PON8.ONT12,,ALCLF8714EF8,,WILDCARD,up,down
R1.S1.LT1.PON9.ONT11,,ALCLB3A7CDAE,,22259178,up,down
R1.S1.LT1.PON1.ONT12,     00000G240WF,ALCLB2F6B0A1,ADIDO1_PBO02-F7,22256338,up,up
R1.S1.LT1.PON1.ONT13,NOCLEICODEG240WA,ALCLF8715358,,WILDCARD,up,up
R1.S1.LT1.PON2.ONT12,,ALCLF871542A,,WILDCARD,up,down
R1.S1.LT1.PON8.ONT11,NOCLEICODEG240WA,ALCLF871586B,,WILDCARD,up,up
R1.S1.LT1.PON14.ONT25,     00000G240WF,ALCLB3717253,,WILDCARD,up,up
R1.S1.LT1.PON15.ONT28,NOCLEICODEG240WA,ALCLF8715F27,,WILDCARD,up,up
R1.S1.LT1.PON14.ONT26,     00000G240WF,ALCLB37171D3,,22508743,up,up
R1.S1.LT1.PON15.ONT25,,ALCLF87162C6,,WILDCARD,up,down
R1.S1.LT1.PON11.ONT26,NOCLEICODEG240WA,ALCLF8715C94,,WILDCARD,up,up
R1.S1.LT1.PON14.ONT27,,ALCLB371719D,,22257602,up,down
R1.S1.LT1.PON16.ONT25,NOCLEICODEG240WA,ALCLF87153A2,,WILDCARD,up,down
R1.S1.LT1.PON14.ONT28,     00000G240WF,ALCLB30FC843,,22257957,up,up
R1.S1.LT1.PON15.ONT27,NOCLEICODEG240WA,ALCLF8716199,,WILDCARD,up,up
R1.S1.LT1.PON16.ONT26,,ALCLF8715540,,WILDCARD,up,down
R1.S1.LT1.PON15.ONT26,NOCLEICODEG240WA,ALCLF8715FDE,,WILDCARD,up,down
R1.S1.LT1.PON14.ONT36,     00000G240WF,ALCLB372A4B3,,22508389,up,up
R1.S1.LT1.PON15.ONT39,NOCLEICODEG240WA,ALCLF871608F,,WILDCARD,up,up
R1.S1.LT1.PON14.ONT37,     00000G240WF,ALCLB372C5D2,,22500589,up,up
R1.S1.LT1.PON15.ONT36,NOCLEICODEG240WA,ALCLF87165EC,,WILDCARD,up,up
R1.S1.LT1.PON11.ONT37,NOCLEICODEG240WA,ALCLF8716AA0,,WILDCARD,up,up
R1.S1.LT1.PON14.ONT38,     00000G240WF,ALCLB3A7CB90,,22256023,up,up
R1.S1.LT1.PON16.ONT36,     00000G240WF,ALCLB3717467,,WILDCARD,up,up
R1.S1.LT1.PON14.ONT39,     00000G240WF,ALCLB3A5CB75,,22512777,up,up
R1.S1.LT1.PON15.ONT38,NOCLEICODEG240WA,ALCLF8716E46,,WILDCARD,up,up
R1.S1.LT1.PON16.ONT37,     00000G240WF,ALCLB3717301,,22254796,up,down
R1.S1.LT1.PON15.ONT37,,ALCLF87172E6,,WILDCARD,up,down
R1.S1.LT1.PON12.ONT23,NOCLEICODEG240WA,ALCLF86BA321,,22502019,up,up
R1.S1.LT1.PON12.ONT24,     00000G240WF,ALCLB3716FBE,,WILDCARD,up,up
R1.S1.LT1.PON13.ONT23,NOCLEICODEG240WA,ALCLF8715E9F,,WILDCARD,up,down
R1.S1.LT1.PON10.ONT21,NOCLEICODEG240WA,ALCLF8715536,,22518732,up,down
R1.S1.LT1.PON11.ONT24,NOCLEICODEG240WA,ALCLF8716618,,WILDCARD,up,up
R1.S1.LT1.PON13.ONT22,NOCLEICODEG240WA,ALCLF8715EDD,,WILDCARD,up,down
R1.S1.LT1.PON16.ONT23,NOCLEICODEG240WA,ALCLF8715CD8,,WILDCARD,up,up
R1.S1.LT1.PON10.ONT22,NOCLEICODEG240WA,ALCLF8715509,,WILDCARD,up,up
R1.S1.LT1.PON11.ONT21,NOCLEICODEG240WA,ALCLF8716615,,WILDCARD,up,down
R1.S1.LT1.PON12.ONT20,NOCLEICODEG240WA,ALCLF8715A2D,,WILDCARD,up,up
R1.S1.LT1.PON16.ONT24,NOCLEICODEG240WA,ALCLF87157DE,,WILDCARD,up,down
R1.S1.LT1.PON10.ONT23,,ALCLF8715905,,WILDCARD,up,down
R1.S1.LT1.PON12.ONT21,NOCLEICODEG240WA,ALCLF871542E,,WILDCARD,up,up
R1.S1.LT1.PON13.ONT24,,ALCLB3724309,,22504387,up,down
R1.S1.LT1.PON10.ONT24,NOCLEICODEG240WA,ALCLF87154F8,,WILDCARD,up,up
R1.S1.LT1.PON11.ONT23,NOCLEICODEG240WA,ALCLF87165FF,,WILDCARD,up,down
R1.S1.LT1.PON12.ONT22,NOCLEICODEG240WA,ALCLF87159CE,,22513061,up,down
R1.S1.LT1.PON13.ONT21,NOCLEICODEG240WA,ALCLF871592B,,WILDCARD,up,up
R1.S1.LT1.PON11.ONT20,NOCLEICODEG240WA,ALCLF8716281,,WILDCARD,up,up
R1.S1.LT1.PON14.ONT21,NOCLEICODEG240WA,ALCLF87172ED,,WILDCARD,up,down
R1.S1.LT1.PON15.ONT24,,ALCLF87152D5,,WILDCARD,up,down
R1.S1.LT1.PON14.ONT22,,ALCLB3717247,,22257682,up,down
R1.S1.LT1.PON15.ONT21,NOCLEICODEG240WA,ALCLF87170EF,,WILDCARD,up,up
R1.S1.LT1.PON16.ONT20,NOCLEICODEG240WA,ALCLF87159C9,,WILDCARD,up,up
R1.S1.LT1.PON11.ONT22,NOCLEICODEG240WA,ALCLF871609B,,WILDCARD,up,up
R1.S1.LT1.PON13.ONT20,NOCLEICODEG240WA,ALCLF871553A,,WILDCARD,up,down
R1.S1.LT1.PON14.ONT23,,ALCLB3717333,,22516653,up,down
R1.S1.LT1.PON16.ONT21,NOCLEICODEG240WA,ALCLF8715D80,,WILDCARD,up,up
R1.S1.LT1.PON10.ONT20,,ALCLF871596E,,WILDCARD,up,down
R1.S1.LT1.PON14.ONT24,     00000G240WF,ALCLB37172A1,,22507916,up,up
R1.S1.LT1.PON15.ONT23,NOCLEICODEG240WA,ALCLF8716DF8,,WILDCARD,up,up
R1.S1.LT1.PON16.ONT22,NOCLEICODEG240WA,ALCLF8714F7B,,WILDCARD,up,down
R1.S1.LT1.PON10.ONT29,     00000G240WF,ALCLB371758A,,22508518,up,up
R1.S1.LT1.PON12.ONT27,,ALCLF871508A,,22255651,up,down
R1.S1.LT1.PON15.ONT20,NOCLEICODEG240WA,ALCLF8717206,,WILDCARD,up,up
R1.S1.LT1.PON11.ONT29,,ALCLF87159EF,,WILDCARD,up,down
R1.S1.LT1.PON12.ONT28,     00000G240WF,ALCLB3717461,,90214949,up,up
R1.S1.LT1.PON13.ONT27,     00000G240WF,ALCLB37170EB,,22507952,up,down
R1.S1.LT1.PON12.ONT29,     00000G240WF,ALCLB371741C,,91283206,up,down
R1.S1.LT1.PON15.ONT22,NOCLEICODEG240WA,ALCLF871703C,,WILDCARD,up,down
R1.S1.LT1.PON13.ONT29,     00000G240WF,ALCLB372BC2E,,22258138,up,up
R1.S1.LT1.PON14.ONT20,NOCLEICODEG240WA,ALCLF871603E,,WILDCARD,up,up
R1.S1.LT1.PON10.ONT25,NOCLEICODEG240WA,ALCLF8716B5A,,WILDCARD,up,up
R1.S1.LT1.PON11.ONT28,NOCLEICODEG240WA,ALCLF87167DA,,WILDCARD,up,up
R1.S1.LT1.PON13.ONT26,     00000G240WF,ALCLB372BB0E,,22257706,up,up
R1.S1.LT1.PON14.ONT29,     00000G240WF,ALCLB372B217,,90047071,up,up
R1.S1.LT1.PON16.ONT27,NOCLEICODEG240WA,ALCLF8715338,,WILDCARD,up,up
R1.S1.LT1.PON10.ONT26,,ALCLF871705E,,22509420,up,down
R1.S1.LT1.PON11.ONT25,NOCLEICODEG240WA,ALCLF87159DB,,22257501,up,up
R1.S1.LT1.PON15.ONT29,,ALCLF8715FA0,,22256709,up,down
R1.S1.LT1.PON16.ONT28,NOCLEICODEG240WA,ALCLF8716AD4,,WILDCARD,up,up
R1.S1.LT1.PON10.ONT27,     00000G240WF,ALCLB37241D7,,22257086,up,up
R1.S1.LT1.PON12.ONT25,NOCLEICODEG240WA,ALCLF8717289,,WILDCARD,up,up
R1.S1.LT1.PON13.ONT28,     00000G240WF,ALCLB30FC859,,22508419,up,up
R1.S1.LT1.PON16.ONT29,NOCLEICODEG240WA,ALCLF8716050,,WILDCARD,up,up
R1.S1.LT1.PON10.ONT28,     00000G240WF,ALCLB3716DC5,,22257782,up,up
R1.S1.LT1.PON11.ONT27,NOCLEICODEG240WA,ALCLF87167EF,,WILDCARD,up,up
R1.S1.LT1.PON12.ONT26,     00000G240WF,ALCLB371708B,,22519236,up,up
R1.S1.LT1.PON13.ONT25,NOCLEICODEG240WA,ALCLF8716BA7,,22257565,up,up
R1.S1.LT1.PON14.ONT47,     00000G240WF,ALCLB3A5CE3C,,22500276,up,up
R1.S1.LT1.PON14.ONT48,     00000G240WF,ALCLB34597DD,,22251529,up,up
R1.S1.LT1.PON15.ONT47,     00000G240WF,ALCLB372C6B0,,22517350,up,up
R1.S1.LT1.PON11.ONT48,NOCLEICODEG240WA,ALCLF8715080,,WILDCARD,up,up
R1.S1.LT1.PON14.ONT49,     00000G240WF,ALCLB3459907,,22500991,up,up
R1.S1.LT1.PON16.ONT47,     00000G240WF,ALCLB3A7C9DB,,22505465,up,down
R1.S1.LT1.PON15.ONT49,     00000G240WF,ALCLB372A480,,22505640,up,up
R1.S1.LT1.PON16.ONT48,     00000G240WF,ALCLB3A5CD47,,22513989,up,down
R1.S1.LT1.PON15.ONT48,     00000G240WF,ALCLB372A404,,22505354,up,up
R1.S1.LT1.PON12.ONT34,     00000G240WF,ALCLB3A7CB5F,,22258793,up,down
R1.S1.LT1.PON12.ONT35,     00000G240WF,ALCLB3A7CC3B,,22258827,up,up
R1.S1.LT1.PON13.ONT34,,ALCLB372C4CF,,22250831,up,down
R1.S1.LT1.PON10.ONT32,     00000G240WF,ALCLB37170E2,,22509713,up,up
R1.S1.LT1.PON11.ONT35,,ALCLF87173C3,,WILDCARD,up,down
R1.S1.LT1.PON12.ONT30,     00000G240WF,ALCLB30FC854,,22258036,up,up
R1.S1.LT1.PON13.ONT33,     00000G240WF,ALCLB372BDCC,,22258548,up,up
R1.S1.LT1.PON16.ONT34,     00000G240WF,ALCLB372446B,,22257769,up,up
R1.S1.LT1.PON10.ONT33,     00000G240WF,ALCLB30FC8F1,,22254543,up,up
R1.S1.LT1.PON11.ONT32,NOCLEICODEG240WA,ALCLF8716D9D,,WILDCARD,up,up
R1.S1.LT1.PON12.ONT31,     00000G240WF,ALCLB372B038,,22258189,up,down
R1.S1.LT1.PON13.ONT30,     00000G240WF,ALCLB3A5CB07,,22507044,up,up
R1.S1.LT1.PON16.ONT35,     00000G240WF,ALCLB370CC69,,22257692,up,up
R1.S1.LT1.PON10.ONT34,     00000G240WF,ALCLB30FC816,,22506382,up,up
R1.S1.LT1.PON12.ONT32,     00000G240WF,ALCLB372AF58,, 22258231,up,up
R1.S1.LT1.PON13.ONT35,     00000G240WF,ALCLB372BEDA,,22258612,up,down
R1.S1.LT1.PON10.ONT35,     00000G240WF,ALCLB372B9CE,,90162883,up,up
R1.S1.LT1.PON11.ONT34,NOCLEICODEG240WA,ALCLF8717077,,WILDCARD,up,up
R1.S1.LT1.PON12.ONT33,     00000G240WF,ALCLB372C2EC,,22516548,up,up
R1.S1.LT1.PON13.ONT32,     00000G240WF,ALCLB372A610,,22250841,up,up
R1.S1.LT1.PON11.ONT31,NOCLEICODEG240WA,ALCLF8715CB6,,WILDCARD,up,up
R1.S1.LT1.PON14.ONT32,     00000G240WF,ALCLB372BD28,,92603551,up,up
R1.S1.LT1.PON15.ONT35,,ALCLF87158FA,,WILDCARD,up,down
R1.S1.LT1.PON16.ONT30,,ALCLB37241DB,,22257421,up,down
R1.S1.LT1.PON14.ONT33,     00000G240WF,ALCLB372B1FA,,22502318,up,down
R1.S1.LT1.PON15.ONT32,,ALCLF8715360,,WILDCARD,up,down
R1.S1.LT1.PON16.ONT31,     00000G240WF,ALCLB37241B4,,22254880,up,up
R1.S1.LT1.PON10.ONT30,     00000G240WF,ALCLB37172A0,,22516168,up,up
R1.S1.LT1.PON11.ONT33,     00000G240WF,ALCLB3BD428F,ADIDO3_PBO227-F7,22502317,up,up
R1.S1.LT1.PON13.ONT31,     00000G240WF,ALCLB372A4D9,,22258370,up,up
R1.S1.LT1.PON14.ONT34,     00000G240WF,ALCLB372C73E,,90040294,up,up
R1.S1.LT1.PON16.ONT32,     00000G240WF,ALCLB37241C6,,22504287,up,up
R1.S1.LT1.PON10.ONT31,,ALCLB3717077,,22257735,up,down
R1.S1.LT1.PON11.ONT30,NOCLEICODEG240WA,ALCLF8716955,,WILDCARD,up,up
R1.S1.LT1.PON14.ONT35,     00000G240WF,ALCLB372C48E,,22258571,up,down
R1.S1.LT1.PON15.ONT34,,ALCLF871514C,,WILDCARD,up,down
R1.S1.LT1.PON16.ONT33,,ALCLB3724354,,22504587,up,down
R1.S1.LT1.PON12.ONT38,,ALCLB3A5CC24,,22502053,up,down
R1.S1.LT1.PON15.ONT31,NOCLEICODEG240WA,ALCLF8715977,,WILDCARD,up,down
R1.S1.LT1.PON12.ONT39,     00000G240WF,ALCLB3A5CD88,,22502140,up,up
R1.S1.LT1.PON13.ONT38,,ALCLB3A7CDBB,,22509695,up,down
R1.S1.LT1.PON14.ONT30,,ALCLB372B046,,22507396,up,down
R1.S1.LT1.PON15.ONT33,NOCLEICODEG240WA,ALCLF8715ACF, KPOMATCHI KWAMI SENA 90111475 22518837,22518837,up,up
R1.S1.LT1.PON14.ONT31,     00000G240WF,ALCLB372BAFB,,22252042,up,down
R1.S1.LT1.PON15.ONT30,NOCLEICODEG240WA,ALCLF8715F49,,22512175,up,up
R1.S1.LT1.PON10.ONT36,     00000G240WF,ALCLB372BB02,,22258070,up,down
R1.S1.LT1.PON11.ONT39,NOCLEICODEG240WA,ALCLF87173BE,,WILDCARD,up,up
R1.S1.LT1.PON13.ONT37,     00000G240WF,ALCLB3A7CCC6,,22514422,up,up
R1.S1.LT1.PON16.ONT38,,ALCLB371734C,,WILDCARD,up,down
R1.S1.LT1.PON10.ONT37,     00000G240WF,ALCLB372BC54,,91982818,up,up
R1.S1.LT1.PON11.ONT36,NOCLEICODEG240WA,ALCLF871737E,,WILDCARD,up,up
R1.S1.LT1.PON16.ONT39,     00000G240WF,ALCLB372C379,,22258766,up,down
R1.S1.LT1.PON10.ONT38,     00000G240WF,ALCLB372AFCF,,22519346,up,up
R1.S1.LT1.PON12.ONT36,     00000G240WF,ALCLB3A7CEB0,,22258847,up,up
R1.S1.LT1.PON13.ONT39,     00000G240WF,ALCLB3A5CBFB,,22514688,up,up
R1.S1.LT1.PON10.ONT39,     00000G240WF,ALCLB372C4F5,,22513072,up,up
R1.S1.LT1.PON11.ONT38,NOCLEICODEG240WA,ALCLF87173B2,,WILDCARD,up,up
R1.S1.LT1.PON12.ONT37,,ALCLB3A5CDCF,,22508570,up,down
R1.S1.LT1.PON13.ONT36,     00000G240WF,ALCLB372BEEF,,22503410,up,up
R1.S1.LT1.PON14.ONT58,     00000G240WF,ALCLB3CF054B,ADIDO3-PBO252-F7,22508212,up,up
R1.S1.LT1.PON15.ONT58,     00000G240WF,ALCLB3A5CE52,,22502208,up,up
R1.S1.LT1.PON11.ONT59,     00000G240WF,ALCLB3A7CB1B,,22506711,up,up
R1.S1.LT1.PON16.ONT58,     00000G240WF,ALCLB3BD3ECC,ADIDO3_PBO273-F6,22508076,up,down
R1.S1.LT1.PON16.ONT59,NOCLEICODEG010GA,ALCLB135157A,ADIDO3_PBO275-F7,81014025,up,up
R1.S1.LT1.PON15.ONT59,     00000G240WF,ALCLB3A5C2FB,,22500215,up,down
R1.S1.LT1.PON13.ONT45,     00000G240WF,ALCLB3A7CA09,,22256087,up,up
R1.S1.LT1.PON10.ONT43,     00000G240WF,ALCLB3A7CB92,,22508655,up,up
R1.S1.LT1.PON11.ONT46,NOCLEICODEG240WA,ALCLF87152DB,,WILDCARD,up,up
R1.S1.LT1.PON13.ONT44,     00000G240WF,ALCLB3A7CA1A,,22259079,up,up
R1.S1.LT1.PON16.ONT45,     00000G240WF,ALCLB3A7C9EC,,22506455,up,down
R1.S1.LT1.PON10.ONT44,     00000G240WF,ALCLB372BEED,,22258684,up,down
R1.S1.LT1.PON11.ONT43,,ALCLF87157EE,,WILDCARD,up,down
R1.S1.LT1.PON13.ONT41,     00000G240WF,ALCLB3A7CB43,,22258636,up,up
R1.S1.LT1.PON16.ONT46,     00000G240WF,ALCLB3A5CD57,,22518019,up,down
R1.S1.LT1.PON10.ONT45,     00000G240WF,ALCLB3A7C9C6,,22254764,up,up
R1.S1.LT1.PON13.ONT46,     00000G240WF,ALCLB3A5C41F,,22505072,up,up
R1.S1.LT1.PON10.ONT46,     00000G240WF,ALCLB3A7CE46,,22251802,up,up
R1.S1.LT1.PON11.ONT45,NOCLEICODEG240WA,ALCLF871704F,,WILDCARD,up,up
R1.S1.LT1.PON13.ONT43,     00000G240WF,ALCLB3A5CB08,,22503383,up,up
R1.S1.LT1.PON11.ONT42,NOCLEICODEG240WA,ALCLF87171DB,,WILDCARD,up,up
R1.S1.LT1.PON13.ONT40,,ALCLB3A7CA55,,22250949,up,down
R1.S1.LT1.PON14.ONT43,     00000G240WF,ALCLB3A5CD3B,,22251382,up,up
R1.S1.LT1.PON15.ONT46,,ALCLB3717215,,22518405,up,down
R1.S1.LT1.PON16.ONT41,NOCLEICODEG010GA,ALCLB1350EC6,,WILDCARD,up,up
R1.S1.LT1.PON10.ONT40,     00000G240WF,ALCLB372C1D1,,22513369,up,up
R1.S1.LT1.PON14.ONT44,     00000G240WF,ALCLB3A5CDD4,,22254120,up,down
R1.S1.LT1.PON15.ONT43,     00000G240WF,ALCLB372BAF1,,22257659,up,up
R1.S1.LT1.PON16.ONT42,     00000G240WF,ALCLB372BE79,,22507754,up,up
R1.S1.LT1.PON10.ONT41,     00000G240WF,ALCLB372C312,,22258328,up,up
R1.S1.LT1.PON11.ONT44,NOCLEICODEG240WA,ALCLF87159A7,,WILDCARD,up,up
R1.S1.LT1.PON13.ONT42,     00000G240WF,ALCLB3A7CA56,,22509122,up,up
R1.S1.LT1.PON14.ONT45,     00000G240WF,ALCLB3A5CE9A,,22500943,up,up
R1.S1.LT1.PON16.ONT43,,ALCLB372BE95,PBOxx-Fxx,22513892,up,down
R1.S1.LT1.PON10.ONT42,     00000G240WF,ALCLB3A5CB30,,22509725,up,up
R1.S1.LT1.PON11.ONT41,,ALCLF8716FE0,,22255713,up,down
R1.S1.LT1.PON12.ONT40,     00000G240WF,ALCLB3CF0268,ADIDO3_PBO238-F3,22558584,up,up
R1.S1.LT1.PON14.ONT46,     00000G240WF,ALCLB3A5CDA3,,22503616,up,down
R1.S1.LT1.PON15.ONT45,     00000G240WF,ALCLB372B023,,22258165,up,up
R1.S1.LT1.PON16.ONT44,,ALCLB3A5CBE5,,22259112,up,down
R1.S1.LT1.PON15.ONT42,     00000G240WF,ALCLB3717410,,22518864,up,up
R1.S1.LT1.PON13.ONT49,     00000G240WF,ALCLB3A5CDDB,,22251321,up,down
R1.S1.LT1.PON14.ONT40,     00000G240WF,ALCLB3A7CCE4,,22508784,up,up
R1.S1.LT1.PON11.ONT40,,ALCLF8716FCD,,WILDCARD,up,down
R1.S1.LT1.PON14.ONT41,     00000G240WF,ALCLB3A7C9AF,,22506374,up,up
R1.S1.LT1.PON15.ONT44,,ALCLB372BBA2,,22519315,up,down
R1.S1.LT1.PON14.ONT42,     00000G240WF,ALCLB3A7CAE1,,22503900,up,up
R1.S1.LT1.PON15.ONT41,     00000G240WF,ALCLB37172F6,,WILDCARD,up,down
R1.S1.LT1.PON16.ONT40,     00000G240WF,ALCLB372BE89,,22504555,up,up
R1.S1.LT1.PON10.ONT47,     00000G240WF,ALCLB3A5CF0F,,22503113,up,up
R1.S1.LT1.PON13.ONT48,     00000G240WF,ALCLB3A5CF27,,22258309,up,up
R1.S1.LT1.PON16.ONT49,     00000G240WF,ALCLB3A5CB70,,22518078,up,up
R1.S1.LT1.PON10.ONT48,     00000G240WF,ALCLB3A5CE33,,22500011,up,up
R1.S1.LT1.PON11.ONT47,NOCLEICODEG240WA,ALCLF8715548,,WILDCARD,up,down
R1.S1.LT1.PON10.ONT49,,ALCLB3A5C2C0,,22502357,up,down
R1.S1.LT1.PON15.ONT40,     00000G240WF,ALCLB37241E8,,22257719,up,up
R1.S1.LT1.PON11.ONT49,,ALCLF871598A,,22256658,up,down
R1.S1.LT1.PON13.ONT47,     00000G240WF,ALCLB3A5C382,,22251300,up,up
R1.S1.LT1.PON13.ONT56,NOCLEICODEG010GA,ALCLB18A95A4,ADIDO3_PBO246-F3,WILDCARD,up,up
R1.S1.LT1.PON10.ONT54,     00000G240WF,ALCLB3BD3B45,ADIDO3_PBO224-F4,22253893,up,up
R1.S1.LT1.PON11.ONT57,     00000G240WF,ALCLB3716E24,,22257946,up,up
R1.S1.LT1.PON13.ONT55,     00000G240WF,ALCLB3BD3C32,ADIDO3_PB0244-F7,22251411,up,up
R1.S1.LT1.PON16.ONT56,     00000G240WF,ALCLB3BD41FE,ADIDO3_PBO275-F8,22254318,up,down
R1.S1.LT1.PON10.ONT55,     00000G240WF,ALCLB3BD3E0F,ADIDO3_PBO223-F7,22506154,up,up
R1.S1.LT1.PON11.ONT54,NOCLEICODEG240WA,ALCLF871655E,,22257244,up,up
R1.S1.LT1.PON13.ONT52,     00000G240WF,ALCLB34594B4,,22252933,up,up
R1.S1.LT1.PON16.ONT57,     00000G240WF,ALCLB3BD3AF3,ADIDO2_PBO273-F5,22505947,up,down
R1.S1.LT1.PON10.ONT56,     00000G240WF,ALCLB2F6BE43,ADIDO3_PBO224-F6,22252389,up,down
R1.S1.LT1.PON13.ONT57,     00000G240WF,ALCLB3BD433D,ADIDO3_PBO245-F6,22508830,up,down
R1.S1.LT1.PON10.ONT57,     00000G240WF,ALCLB3BD3FCE,ADIDO3_PBO224-F7,22501421,up,down
R1.S1.LT1.PON11.ONT56,,ALCLF8716087,,WILDCARD,up,down
R1.S1.LT1.PON13.ONT54,     00000G240WF,ALCLB3BD3B4E,ADIDO3_PBO245-F5,22254093,up,up
R1.S1.LT1.PON10.ONT50,     00000G240WF,ALCLB3A5CA91,,22502356,up,up
R1.S1.LT1.PON11.ONT53,NOCLEICODEG240WA,ALCLF87172AA,,WILDCARD,up,up
R1.S1.LT1.PON13.ONT51,     00000G240WF,ALCLB3A5C29B,,22251357,up,up
R1.S1.LT1.PON14.ONT54,     00000G240WF,ALCLB2F6B87F,ADIDO3_PBO255-F7,22512437,up,up
R1.S1.LT1.PON15.ONT57,     00000G240WF,ALCLB3A5CC9F,,22251037,up,up
R1.S1.LT1.PON16.ONT52,     00000G240WF,ALCLB3A5C2ED,,22251370,up,up
R1.S1.LT1.PON10.ONT51,     00000G240WF,ALCLB3A84B47,,22500069,up,up
R1.S1.LT1.PON11.ONT50,NOCLEICODEG240WA,ALCLF87159BA,,WILDCARD,up,up
R1.S1.LT1.PON14.ONT55,     00000G240WF,ALCLB2F6B540,ADID03_PBO255-F8,22504293,up,up
R1.S1.LT1.PON15.ONT54,     00000G240WF,ALCLB3A7CD02,,22258677,up,up
R1.S1.LT1.PON16.ONT53,     00000G240WF,ALCLB3459860,,22500445,up,up
R1.S1.LT1.PON10.ONT52,     00000G240WF,ALCLB3A84C08,,22506553,up,up
R1.S1.LT1.PON11.ONT55,,ALCLF871617B,,WILDCARD,up,down
R1.S1.LT1.PON13.ONT53,     00000G240WF,ALCLB2F6BC25,PBO_244,22519313,up,down
R1.S1.LT1.PON14.ONT56,     00000G240WF,ALCLB3BD3EBC,ADIDO3_PBO349-F8,22503927,up,up
R1.S1.LT1.PON16.ONT54,     00000G240WF,ALCLB345974F,,22501500,up,up
R1.S1.LT1.PON10.ONT53,     00000G240WF,ALCLB3BD3AA3,ADIDO3_PBO224-F5,22254130,up,up
R1.S1.LT1.PON11.ONT52,,ALCLF8715CBB,,WILDCARD,up,down
R1.S1.LT1.PON13.ONT50,     00000G240WF,ALCLB3A5CB2D,,22502310,up,up
R1.S1.LT1.PON14.ONT57,     00000G240WF,ALCLB3BD419F,ADID03_PBO250-F2,22503898,up,down
R1.S1.LT1.PON15.ONT56,     00000G240WF,ALCLB3A5C444,,22514839,up,up
R1.S1.LT1.PON16.ONT55,,ALCLB3BD41FC,ADIDO3_PBO280-F6,22512008,up,down
R1.S1.LT1.PON14.ONT50,     00000G240WF,ALCLB345989B,,22506588,up,up
R1.S1.LT1.PON15.ONT53,     00000G240WF,ALCLB3A7CE64,,22505918,up,down
R1.S1.LT1.PON14.ONT51,     00000G240WF,ALCLB3BD40F2,ADIDO3_PBO255-F6,22259564,up,up
R1.S1.LT1.PON15.ONT50,     00000G240WF,ALCLB372A48C,,22258364,up,down
R1.S1.LT1.PON11.ONT51,,ALCLF87152CB,,22511427,up,down
R1.S1.LT1.PON14.ONT52,     00000G240WF,ALCLB3BD3DEF,ADIDO3_PBO255-F6,22256950,up,up
R1.S1.LT1.PON15.ONT55,     00000G240WF,ALCLB3A7CD97,,22258761,up,down
R1.S1.LT1.PON16.ONT50,     00000G240WF,ALCLB3A5CDF8,,22506197,up,up
R1.S1.LT1.PON14.ONT53,     00000G240WF,ALCLB2F6AD4F,ADIDO3-PBO249-F7,22558557,up,up
R1.S1.LT1.PON15.ONT52,     00000G240WF,ALCLB372C552,,22258705,up,up
R1.S1.LT1.PON16.ONT51,     00000G240WF,ALCLB3BD3BF3,ADIDO3_PBO273-F4,22502389,up,up
R1.S1.LT1.PON10.ONT58,     00000G240WF,ALCLB2F6B561,ADIDO3_PBO224-F8,22254207,up,down
R1.S1.LT1.PON13.ONT59,     00000G240WF,ALCLB3BD3A39,ADIDO03_PBO246-F4,22256491,up,up
R1.S1.LT1.PON10.ONT59,     00000G240WF,ALCLB2F6AD4B,ADIDO3-PBO220-F1,22519274,up,up
R1.S1.LT1.PON11.ONT58,     00000G240WF,ALCLB372C387,,22508436,up,up
R1.S1.LT1.PON15.ONT51,     00000G240WF,ALCLB372C656,,22507609,up,down
R1.S1.LT1.PON13.ONT58,     00000G240WF,ALCLB3BD3CD5,ADIDO3_PBO245-F7,22256214,up,up
R1.S1.LT1.PON11.ONT60,     00000G240WF,ALCLB3A5CBF7,,22514498,up,up
R1.S1.LT1.PON16.ONT60,     00000G240WF,ALCLB2F6B644,ADIDO3_PBO273-F8,22558605,up,up
R1.S1.LT1.PON13.ONT60,     00000G240WF,ALCLB3CF0755,ADIDO3_PB0246_F6,90280844,up,up
R1.S1.LT1.PON10.ONT60,     00000G240WF,ALCLB2F6BD45,ADIDO3_PBO223-F8,22558744,up,up
R1.S1.LT1.PON15.ONT60,     00000G240WF,ALCLB34597E4,,22500306,up,up
R1.S1.LT1.PON10.ONT65,     00000G240WF,ALCLB3D1058B,ADIDO3-PBO221-F8,22254924,up,up
R1.S1.LT1.PON11.ONT65,     00000G240WF,ALCLB2F6AA3D,ADIDO3_PB0225_F3,22500054,up,up
R1.S1.LT1.PON10.ONT61,     00000G240WF,ALCLB3BD3AFB,ADIDO3-PBO221-F5,22503801,up,down
R1.S1.LT1.PON11.ONT64,     00000G240WF,ALCLB2F6BD1A,ADIDO3_PBO227-F8,22253573,up,up
R1.S1.LT1.PON10.ONT62,     00000G240WF,ALCLB2F6BB34,ADIDO3_PBO221-F6,22501860,up,up
R1.S1.LT1.PON11.ONT61,     00000G240WF,ALCLB3A5C472,,22517749,up,up
R1.S1.LT1.PON15.ONT65,     00000G240WF,ALCLB3CF0383,ADIDO03_PBO269-F3,22255900,up,up
R1.S1.LT1.PON10.ONT63,     00000G240WF,ALCLB2F6A8FA,ADIDO3_PBO221-F6,22558479,up,up
R1.S1.LT1.PON10.ONT64,     00000G240WF,ALCLB3D1182C,ADIDO3-PBO221_F7,22254725,up,up
R1.S1.LT1.PON11.ONT63,,ALCLB3A5CE0B,,22251021,up,down
R1.S1.LT1.PON13.ONT61,     00000G240WF,ALCLB3D116DB,ADIDO3_PBO245-F8,22503764,up,up
R1.S1.LT1.PON15.ONT64,     00000G240WF,ALCLB3BD3B6E,ADIDO3_PB0272-F8,22255273,up,up
R1.S1.LT1.PON15.ONT61,     00000G240WF,ALCLB3459507,ADI3_PBO272-F6,22504001,up,down
R1.S1.LT1.PON11.ONT62,     00000G240WF,ALCLB3A5CC9E,,22503670,up,up
R1.S1.LT1.PON15.ONT66,     00000G240WF,ALCLB3BD40A2,ADIDO3_PB0268_F1,22508328,up,up
R1.S1.LT1.PON16.ONT61,     00000G240WF,ALCLB2F6AED2,ADIDO3_PB0276_F5,22506687,up,up
R1.S1.LT1.PON15.ONT63,     00000G240WF,ALCLB3BD3C4C,ADIDO3_PBO271-F8,22255080,up,up
R1.S1.LT1.PON15.ONT62,     00000G240WF,ALCLB3459776,ADIDO3_PBO272-F7,22252554,up,up
R1.S1.LT1.PON2.ONT11,,ALCLF8716DF7,,WILDCARD,up,down
R1.S1.LT1.PON5.ONT12,NOCLEICODEG240WA,ALCLF8715B2D,,WILDCARD,up,up
R1.S1.LT1.PON7.ONT18,,ALCLF8715098,,WILDCARD,up,down
R1.S1.LT1.PON9.ONT16,,ALCLB3A7CC01,,22502100,up,down
R1.S1.LT1.PON5.ONT13,NOCLEICODEG240WA,ALCLF8715D1F,,WILDCARD,up,up
R1.S1.LT1.PON6.ONT12,     00000G240WF,ALCLB3A5C4E3,,22259409,up,down
R1.S1.LT1.PON7.ONT19,NOCLEICODEG240WA,ALCLF87150F1,,WILDCARD,up,down
R1.S1.LT1.PON8.ONT18,,ALCLF8715481,,WILDCARD,up,down
R1.S1.LT1.PON9.ONT17,     00000G240WF,ALCLB3A7CB47,,22258631,up,up
R1.S1.LT1.PON1.ONT10,NOCLEICODEG240WA,ALCLF871663E,,WILDCARD,up,up
R1.S1.LT1.PON2.ONT13,     00000G240WF,ALCLB37242E9,,22500349,up,up
R1.S1.LT1.PON9.ONT18,     00000G240WF,ALCLB3A7CB39,,22519825,up,up
R1.S1.LT1.PON1.ONT11,,ALCLF87159B8,,WILDCARD,up,down
R1.S1.LT1.PON2.ONT10,,ALCLF8716D4D,,WILDCARD,up,down
R1.S1.LT1.PON9.ONT19,     00000G240WF,ALCLB3A7CBA3,,22509124,up,up
R1.S1.LT1.PON3.ONT10,,ALCLF8716DFF,,WILDCARD,up,down
R1.S1.LT1.PON4.ONT13,     00000G240WF,ALCLB372A673,,22518361,up,up
R1.S1.LT1.PON6.ONT11,     00000G240WF,ALCLB3A5CB13,,22257608,up,up
R1.S1.LT1.PON7.ONT14,NOCLEICODEG240WA,ALCLF87172A1,,WILDCARD,up,up
R1.S1.LT1.PON8.ONT17,NOCLEICODEG240WA,ALCLF87152E2,,WILDCARD,up,up
R1.S1.LT1.PON3.ONT11,NOCLEICODEG240WA,ALCLF8715202,,WILDCARD,up,up
R1.S1.LT1.PON4.ONT10,NOCLEICODEG240WA,ALCLF8715856,,WILDCARD,up,up
R1.S1.LT1.PON7.ONT15,,ALCLF8715E1B,,WILDCARD,up,down
R1.S1.LT1.PON8.ONT14,,ALCLF8716741,,WILDCARD,up,down
R1.S1.LT1.PON3.ONT12,NOCLEICODEG240WA,ALCLF8714EFE,,WILDCARD,up,up
R1.S1.LT1.PON5.ONT10,,ALCLF8716FCF,,WILDCARD,up,down
R1.S1.LT1.PON6.ONT13,     00000G240WF,ALCLB3A5C4B3,,22251739,up,up
R1.S1.LT1.PON7.ONT16,NOCLEICODEG240WA,ALCLF871670A,,22507431,up,up
R1.S1.LT1.PON8.ONT19,,ALCLF8714DEE,,WILDCARD,up,down
R1.S1.LT1.PON9.ONT14,     00000G240WF,ALCLB3A7CCA3,,22501364,up,up
R1.S1.LT1.PON3.ONT13,,ALCLF87154B4,,WILDCARD,up,down
R1.S1.LT1.PON4.ONT12,NOCLEICODEG240WA,ALCLF8715669,,WILDCARD,up,up
R1.S1.LT1.PON5.ONT11,NOCLEICODEG240WA,ALCLF8715933,,WILDCARD,up,up
R1.S1.LT1.PON6.ONT10,     00000G240WF,ALCLB3A7C9EA,,22508711,up,up
R1.S1.LT1.PON7.ONT17,NOCLEICODEG240WA,ALCLF8716886,,WILDCARD,up,up
R1.S1.LT1.PON8.ONT16,,ALCLF871541F,,WILDCARD,up,down
R1.S1.LT1.PON9.ONT15,     00000G240WF,ALCLB3A7CB59,,22257865,up,up
R1.S1.LT1.PON1.ONT16,NOCLEICODEG240WA,ALCLF87158E3,,WILDCARD,up,up
R1.S1.LT1.PON2.ONT19,     00000G240WF,ALCLB3A7CCDD,,22513765,up,up
R1.S1.LT1.PON1.ONT17,     00000G240WF,ALCLB3A5CCA8,,22253906,up,up
R1.S1.LT1.PON2.ONT16,,ALCLB372B009,, 22258033,up,down
R1.S1.LT1.PON1.ONT18,NOCLEICODEG240WA,ALCLF8716A6C,,22508042,up,down
R1.S1.LT1.PON4.ONT11,NOCLEICODEG240WA,ALCLF87165DE,,WILDCARD,up,up
R1.S1.LT1.PON8.ONT15,,ALCLF8715E18,,WILDCARD,up,down
R1.S1.LT1.PON1.ONT19,     00000G240WF,ALCLB3A5CB05,,22509799,up,down
R1.S1.LT1.PON2.ONT18,     00000G240WF,ALCLB372BCA1,,22517419,up,up
R1.S1.LT1.PON2.ONT15,     00000G240WF,ALCLB372BB57,,92565013,up,down
R1.S1.LT1.PON3.ONT18,NOCLEICODEG240WA,ALCLF8715951,,WILDCARD,up,up
R1.S1.LT1.PON5.ONT16,NOCLEICODEG240WA,ALCLF8715D26,,WILDCARD,up,down
R1.S1.LT1.PON6.ONT19,     00000G240WF,ALCLB3A5CC70,,22251283,up,up
R1.S1.LT1.PON3.ONT19,,ALCLF8715D23,,WILDCARD,up,down
R1.S1.LT1.PON4.ONT18,NOCLEICODEG240WA,ALCLF87167EE,,WILDCARD,up,up
R1.S1.LT1.PON5.ONT17,NOCLEICODEG240WA,ALCLF8715B2B,ADIDO2_PB036-F5,22513160,up,up
R1.S1.LT1.PON6.ONT16,     00000G240WF,ALCLB3A5C52D,,22514664,up,up
R1.S1.LT1.PON2.ONT17,,ALCLB372BB1A,,22250692,up,down
R1.S1.LT1.PON5.ONT18,NOCLEICODEG240WA,ALCLF8715930,,WILDCARD,up,up
R1.S1.LT1.PON1.ONT15,NOCLEICODEG240WA,ALCLF8715052,,WILDCARD,up,up
R1.S1.LT1.PON2.ONT14,,ALCLB3724203,,22509319,up,down
R1.S1.LT1.PON5.ONT19,NOCLEICODEG240WA,ALCLF8714FB1,,WILDCARD,up,up
R1.S1.LT1.PON6.ONT18,     00000G240WF,ALCLB3A5CCCF,,22504964,up,up
R1.S1.LT1.PON3.ONT14,NOCLEICODEG240WA,ALCLF8715DAE,,WILDCARD,up,up
R1.S1.LT1.PON4.ONT17,NOCLEICODEG240WA,ALCLF8716802,,WILDCARD,up,down
R1.S1.LT1.PON6.ONT15,     00000G240WF,ALCLB3A5C5D6,, 22503309,up,up
R1.S1.LT1.PON3.ONT15,NOCLEICODEG240WA,ALCLF8716974,,WILDCARD,up,down
R1.S1.LT1.PON4.ONT14,NOCLEICODEG240WA,ALCLF8715349,,22505572,up,up
R1.S1.LT1.PON3.ONT16,,ALCLF87172CE,,WILDCARD,up,down
R1.S1.LT1.PON4.ONT19,NOCLEICODEG240WA,ALCLF871614D,,WILDCARD,up,up
R1.S1.LT1.PON5.ONT14,NOCLEICODEG240WA,ALCLF87159A1,,WILDCARD,up,up
R1.S1.LT1.PON6.ONT17,     00000G240WF,ALCLB3A5CE8E,,22503667,up,up
R1.S1.LT1.PON3.ONT17,NOCLEICODEG240WA,ALCLF8716F28,,WILDCARD,up,down
R1.S1.LT1.PON4.ONT16,NOCLEICODEG240WA,ALCLF8714EC4,,WILDCARD,up,up
R1.S1.LT1.PON5.ONT15,,ALCLF8715F1D,,WILDCARD,up,down
R1.S1.LT1.PON6.ONT14,     00000G240WF,ALCLB3A5C463,,22252665,up,down
R1.S1.LT1.PON4.ONT15,,ALCLF87152A4,,WILDCARD,up,down
R1.S1.LT1.PON14.ONT14,,ALCLF8715990,,WILDCARD,up,down
R1.S1.LT1.PON15.ONT17,NOCLEICODEG240WA,ALCLF8717211,,WILDCARD,up,down
R1.S1.LT1.PON14.ONT15,,ALCLF87154FF,,WILDCARD,up,down
R1.S1.LT1.PON15.ONT14,NOCLEICODEG240WA,ALCLF8716180,,WILDCARD,up,up
R1.S1.LT1.PON11.ONT15,NOCLEICODEG240WA,ALCLF87151E6,,WILDCARD,up,up
R1.S1.LT1.PON14.ONT16,NOCLEICODEG240WA,ALCLF8714E41,,WILDCARD,up,up
R1.S1.LT1.PON15.ONT19,NOCLEICODEG240WA,ALCLF871705B,,WILDCARD,up,up
R1.S1.LT1.PON16.ONT14,NOCLEICODEG240WA,ALCLF8717048,,WILDCARD,up,down
R1.S1.LT1.PON14.ONT17,,ALCLF8715F31,,WILDCARD,up,down
R1.S1.LT1.PON15.ONT16,,ALCLF871615A,,WILDCARD,up,down
R1.S1.LT1.PON16.ONT15,NOCLEICODEG240WA,ALCLF8716E2B,PBOxx-Fxx,22255653,up,up
R1.S1.LT1.PON15.ONT15,NOCLEICODEG240WA,ALCLF87172E2,,WILDCARD,up,up
R1.S1.LT1.PON12.ONT12,NOCLEICODEG240WA,ALCLF8715550,,WILDCARD,up,up
R1.S1.LT1.PON12.ONT13,NOCLEICODEG240WA,ALCLF871614F,,WILDCARD,up,down
R1.S1.LT1.PON13.ONT12,NOCLEICODEG240WA,ALCLF8715CA6,,WILDCARD,up,up
R1.S1.LT1.PON10.ONT10,,ALCLF87159F4,,WILDCARD,up,down
R1.S1.LT1.PON11.ONT13,,ALCLF8714FA7,,WILDCARD,up,down
R1.S1.LT1.PON13.ONT11,NOCLEICODEG240WA,ALCLF87161AF,ADIDO3_PBO2487-F4,22253854,up,up
R1.S1.LT1.PON16.ONT12,NOCLEICODEG240WA,ALCLF8717205,,WILDCARD,up,up
R1.S1.LT1.PON10.ONT11,NOCLEICODEG240WA,ALCLF87167CA,,22500224,up,up
R1.S1.LT1.PON11.ONT10,NOCLEICODEG240WA,ALCLF8714E08,,WILDCARD,up,up
R1.S1.LT1.PON16.ONT13,NOCLEICODEG240WA,ALCLF871740F,,WILDCARD,up,up
R1.S1.LT1.PON10.ONT12,NOCLEICODEG240WA,ALCLF8715A00,,WILDCARD,up,up
R1.S1.LT1.PON12.ONT10,NOCLEICODEG240WA,ALCLF8715359,,WILDCARD,up,up
R1.S1.LT1.PON13.ONT13,NOCLEICODEG240WA,ALCLF87167FE,,WILDCARD,up,up
R1.S1.LT1.PON10.ONT13,NOCLEICODEG240WA,ALCLF8716E7D,,WILDCARD,up,up
R1.S1.LT1.PON11.ONT12,,ALCLF8714EC5,,WILDCARD,up,down
R1.S1.LT1.PON12.ONT11,     00000G240WF,ALCLB3CF07D4,ADIDO3_PBO237-F6,22506110,up,down
R1.S1.LT1.PON13.ONT10,NOCLEICODEG240WA,ALCLF8716382,,WILDCARD,up,up
R1.S1.LT1.PON14.ONT10,     00000G240WF,ALCLB372A4DE,,22254083,up,down
R1.S1.LT1.PON15.ONT13,,ALCLF87167FC,,WILDCARD,up,down
R1.S1.LT1.PON14.ONT11,,ALCLF8717070,,WILDCARD,up,down
R1.S1.LT1.PON15.ONT10,NOCLEICODEG240WA,ALCLF871663C,,WILDCARD,up,up
R1.S1.LT1.PON11.ONT11,     00000G240WF,ALCLB372AC85,,22253890,up,up
R1.S1.LT1.PON14.ONT12,,ALCLF8716DF2,,WILDCARD,up,down
R1.S1.LT1.PON16.ONT10,NOCLEICODEG240WA,ALCLF8714F96,,WILDCARD,up,up
R1.S1.LT1.PON14.ONT13,NOCLEICODEG240WA,ALCLF871743B,PBOxx-Fxx,22254012,up,up
R1.S1.LT1.PON15.ONT12,NOCLEICODEG240WA,ALCLF8715C88,,WILDCARD,up,up
R1.S1.LT1.PON16.ONT11,NOCLEICODEG240WA,ALCLF8716639,,WILDCARD,up,up
R1.S1.LT1.PON10.ONT18,NOCLEICODEG240WA,ALCLF8715417,,WILDCARD,up,up
R1.S1.LT1.PON12.ONT16,,ALCLF87157E0,,WILDCARD,up,down
R1.S1.LT1.PON13.ONT19,NOCLEICODEG240WA,ALCLF8714DE8,,WILDCARD,up,up
R1.S1.LT1.PON10.ONT19,,ALCLF8716F1E,,WILDCARD,up,down
R1.S1.LT1.PON11.ONT18,,ALCLF8716640,,WILDCARD,up,down
R1.S1.LT1.PON12.ONT17,NOCLEICODEG240WA,ALCLF8715BD3,,WILDCARD,up,up
R1.S1.LT1.PON13.ONT16,,ALCLF87173D3,,WILDCARD,up,down
R1.S1.LT1.PON12.ONT18,NOCLEICODEG240WA,ALCLF8715E64,,WILDCARD,up,up
R1.S1.LT1.PON15.ONT11,NOCLEICODEG240WA,ALCLF8716620,,WILDCARD,up,up
R1.S1.LT1.PON12.ONT19,     00000G240WF,ALCLB3A7C9F7,ADIDO1,22256756,up,up
R1.S1.LT1.PON13.ONT18,NOCLEICODEG240WA,ALCLF8717200,,WILDCARD,up,up
R1.S1.LT1.PON10.ONT14,NOCLEICODEG240WA,ALCLF8716FF3,,WILDCARD,up,up
R1.S1.LT1.PON11.ONT17,NOCLEICODEG240WA,ALCLF8715CBD,,WILDCARD,up,down
R1.S1.LT1.PON13.ONT15,NOCLEICODEG240WA,ALCLF8716182,,WILDCARD,up,down
R1.S1.LT1.PON14.ONT18,NOCLEICODEG240WA,ALCLF87158F2,,WILDCARD,up,down
R1.S1.LT1.PON16.ONT16,NOCLEICODEG240WA,ALCLF87152FB,,WILDCARD,up,down
R1.S1.LT1.PON10.ONT15,NOCLEICODEG240WA,ALCLF8716DAF,,WILDCARD,up,up
R1.S1.LT1.PON11.ONT14,,ALCLF871508B,,WILDCARD,up,down
R1.S1.LT1.PON14.ONT19,NOCLEICODEG240WA,ALCLF871729A,,WILDCARD,up,up
R1.S1.LT1.PON16.ONT17,NOCLEICODEG240WA,ALCLF8715FCC,,WILDCARD,up,up
R1.S1.LT1.PON10.ONT16,     00000G240WF,ALCLB3A5CAC0,,22254701,up,up
R1.S1.LT1.PON11.ONT19,NOCLEICODEG240WA,ALCLF8716375,,WILDCARD,up,up
R1.S1.LT1.PON12.ONT14,NOCLEICODEG240WA,ALCLF8715F4F,,WILDCARD,up,up
R1.S1.LT1.PON13.ONT17,,ALCLF8716D9C,,WILDCARD,up,down
R1.S1.LT1.PON16.ONT18,NOCLEICODEG240WA,ALCLF8715D9D,,WILDCARD,up,up
R1.S1.LT1.PON10.ONT17,NOCLEICODEG240WA,ALCLF871705D,,WILDCARD,up,up
R1.S1.LT1.PON11.ONT16,,ALCLF871533B,,WILDCARD,up,down
R1.S1.LT1.PON12.ONT15,NOCLEICODEG240WA,ALCLF8715994,,WILDCARD,up,up
R1.S1.LT1.PON13.ONT14,,ALCLF8715DC9,,WILDCARD,up,down
R1.S1.LT1.PON16.ONT19,NOCLEICODEG240WA,ALCLF8715F24,,WILDCARD,up,down
